Workbook

Sheet 3PM
A1: Sale Report 3PM
C2: Retail | H2: Attraction | K2: Retail + Attraction | N2: Retail + Attraction | Q2: LOYALTY
A3: Store Code | B3: Store Name | C3: Target | D3: Last Week | E3: This Week | F3: WOW | G3: Ach % | H3: Target | I3: This Week | J3: Ach % | K3: Target | L3: This Week | M3: Ach % | N3: LYSMD | O3: TYSMD | P3: Attach% | Q3: LOYALTY | R3: NOB | S3: Ach %
A4: THE8 | B4: AVK Delhi | C4: =Retail!M35 -> 520994.28 | D4: =SUMIFS(C37:AM37,$C$36:$AM$36,"="&$A$59) -> 114904 | E4: 162902 | F4: =E4/D4-1 -> 0.41772262 | G4: =E4/C4 -> 0.31267522 | H4: =Attraction!G35 -> 13653.531 | I4: 3600 | J4: =I4/H4 -> 0.26366806 | K4: =C4+H4 -> 534647.81 | L4: =+E4+I4 -> 166502 | M4: =L4/K4 -> 0.3114237 | N4: =VLOOKUP(T1,'LFL 2024'!A2:C33,3,0) -> #N/A | O4: =E4 -> 162902 | P4: =O4/N4 -> #N/A | S4: =Q4/R4*1 -> #DIV/0!
A5: THH2 | B5: Delhi Pacific | C5: =Retail!J35 -> 286734.48 | D5: =SUMIFS(C38:AM38,$C$36:$AM$36,"="&$A$59) -> 41009 | E5: 52379 | F5: =E5/D5-1 -> 0.27725621 | G5: =E5/C5 -> 0.18267423 | H5: =Attraction!E35 -> 18519.062 | I5: 5600 | J5: =I5/H5 -> 0.30239112 | K5: =C5+H5 -> 305253.54 | L5: =+E5+I5 -> 57979 | M5: =L5/K5 -> 0.18993719 | N5: =VLOOKUP(T1,'LFL 2024'!A2:D33,4,0) -> #N/A | O5: =E5 -> 52379 | P5: =O5/N5 -> #N/A | S5: =Q5/R5*1 -> #DIV/0!
A6: TAHY | B6: Worldmark | C6: =Retail!H35 -> 63851.172 | D6: =SUMIFS(C39:AM39,$C$36:$AM$36,"="&$A$59) -> 18465 | E6: 19710 | F6: =E6/D6-1 -> 0.067424858 | G6: =E6/C6 -> 0.30868658 | H6: =Attraction!B35 -> 100564.04 | I6: 18500 | J6: =I6/H6 -> 0.18396237 | K6: =C6+H6 -> 164415.21 | L6: =+E6+I6 -> 38210 | M6: =L6/K6 -> 0.23239942 | N6: =VLOOKUP(T1,'LFL 2024'!A2:F33,5,0) -> #N/A | O6: =E6 -> 19710 | P6: =O6/N6 -> #N/A | S6: =Q6/R6*1 -> #DIV/0!
A7: THH3 | B7: Delhi Selectcity | C7: =Retail!K35 -> 392222.7 | D7: =SUMIFS(C40:AM40,$C$36:$AM$36,"="&$A$59) -> 163003 | E7: 154462 | F7: =E7/D7-1 -> -0.052397809 | G7: =E7/C7 -> 0.39381199 | K7: =C7+H7 -> 392222.7 | L7: =+E7+I7 -> 154462 | M7: =L7/K7 -> 0.39381199 | N7: =VLOOKUP(T1,'LFL 2024'!A2:G33,6,0) -> #N/A | O7: =E7 -> 154462 | P7: =O7/N7 -> #N/A | S7: =Q7/R7*1 -> #DIV/0!
A8: TLX5 | B8: Vegas Dwarka | C8: =Retail!L35 -> 176136.03 | D8: =SUMIFS(C41:AM41,$C$36:$AM$36,"="&$A$59) -> 44345 | E8: 32486 | F8: =E8/D8-1 -> -0.26742587 | G8: =E8/C8 -> 0.18443699 | H8: =Attraction!D35 -> 11996.078 | I8: 0 | J8: =I8/H8 -> 0 | K8: =C8+H8 -> 188132.11 | L8: =+E8+I8 -> 32486 | M8: =L8/K8 -> 0.17267653 | N8: =VLOOKUP(T1,'LFL 2024'!A2:H33,7,0) -> #N/A | O8: =E8 -> 32486 | P8: =O8/N8 -> #N/A | S8: =Q8/R8*1 -> #DIV/0!
A9: THF9 | B9: Amb Gurg Delhi | C9: =Retail!B35 -> 480133.83 | D9: =SUMIFS(C42:AM42,$C$36:$AM$36,"="&$A$59) -> 146181 | E9: 97966 | F9: =E9/D9-1 -> -0.32983083 | G9: =E9/C9 -> 0.20403894 | K9: =C9+H9 -> 480133.83 | L9: =+E9+I9 -> 97966 | M9: =L9/K9 -> 0.20403894 | N9: =VLOOKUP(T1,'LFL 2024'!A2:I33,8,0) -> #N/A | O9: =E9 -> 97966 | P9: =O9/N9 -> #N/A | S9: =Q9/R9*1 -> #DIV/0!
A10: THI7 | B10: WTP Jaipur | C10: =Retail!F35 -> 190041.27 | D10: =SUMIFS(C43:AM43,$C$36:$AM$36,"="&$A$59) -> 47459 | E10: 42343 | F10: =E10/D10-1 -> -0.10779831 | G10: =E10/C10 -> 0.22280949 | K10: =C10+H10 -> 190041.27 | L10: =+E10+I10 -> 42343 | M10: =L10/K10 -> 0.22280949 | N10: =VLOOKUP(T1,'LFL 2024'!A2:J33,9,0) -> #N/A | O10: =E10 -> 42343 | P10: =O10/N10 -> #N/A | S10: =Q10/R10*1 -> #DIV/0!
A11: THM0 | B11: Ardee Mall, Gurgaon | C11: =Retail!C35 -> 174186.13 | D11: =SUMIFS(C44:AM44,$C$36:$AM$36,"="&$A$59) -> 30133 | E11: 23240 | F11: =E11/D11-1 -> -0.22875253 | G11: =E11/C11 -> 0.1334205 | K11: =C11+H11 -> 174186.13 | L11: =+E11+I11 -> 23240 | M11: =L11/K11 -> 0.1334205 | N11: =VLOOKUP(T1,'LFL 2024'!A2:K33,10,0) -> #N/A | O11: =E11 -> 23240 | P11: =O11/N11 -> #N/A | S11: =Q11/R11*1 -> #DIV/0!
A12: TJY4 | B12: Airia Mall Gurg | C12: =Retail!D35 -> 108239.76 | D12: =SUMIFS(C45:AM45,$C$36:$AM$36,"="&$A$59) -> 24148 | E12: 34048 | F12: =E12/D12-1 -> 0.40997184 | G12: =E12/C12 -> 0.31456095 | K12: =C12+H12 -> 108239.76 | L12: =+E12+I12 -> 34048 | M12: =L12/K12 -> 0.31456095 | N12: =VLOOKUP(T1,'LFL 2024'!A2:L33,11,0) -> #N/A | O12: =E12 -> 34048 | P12: =O12/N12 -> #N/A | S12: =Q12/R12*1 -> #DIV/0!
A13: TXUT | B13: Vaishali | C13: =Retail!G35 -> 93298.933 | D13: =SUMIFS(C46:AM46,$C$36:$AM$36,"="&$A$59) -> 13467 | E13: 10968 | F13: =E13/D13-1 -> -0.18556471 | G13: =E13/C13 -> 0.11755761 | K13: =C13+H13 -> 93298.933 | L13: =+E13+I13 -> 10968 | M13: =L13/K13 -> 0.11755761 | N13: =VLOOKUP(T2,'LFL 2024'!A3:L34,11,0) -> #N/A | O13: =E13 -> 10968 | P13: =O13/N13 -> #N/A | S13: =Q13/R13*1 -> #DIV/0!
A14: TXYT | B14: Good Earth | D14: =SUMIFS(C47:AM47,$C$36:$AM$36,"="&$A$59) -> 0 | F14: =E14/D14-1 -> #DIV/0! | G14: =E14/C14 -> #DIV/0! | K14: =C14+H14 -> 0 | L14: =+E14+I14 -> 0 | M14: =L14/K14 -> #DIV/0! | N14: =VLOOKUP(T3,'LFL 2024'!A4:L35,11,0) -> #N/A | O14: =E14 -> 0 | P14: =O14/N14 -> #N/A | S14: =Q14/R14*1 -> #DIV/0!
A15: TAUN | B15: Udaipur | C15: =Retail!I35 -> 75609.562 | D15: =SUMIFS(C48:AM48,$C$36:$AM$36,"="&$A$59) -> 8822 | E15: 5122 | F15: =E15/D15-1 -> -0.41940603 | G15: =E15/C15 -> 0.067742755 | H15: =Attraction!C35 -> 4391.1341 | I15: 2850 | J15: =I15/H15 -> 0.64903506 | K15: =C15+H15 -> 80000.696 | L15: =+E15+I15 -> 7972 | M15: =L15/K15 -> 0.099649133 | N15: =VLOOKUP(T4,'LFL 2024'!A5:L36,11,0) -> #N/A | O15: =E15 -> 5122 | P15: =O15/N15 -> #N/A | S15: =Q15/R15*1 -> #DIV/0!
A16: THE1 | B16: Elante Chandigarh | C16: =Retail!N35 -> 478539.4 | D16: =SUMIFS(C49:AM49,$C$36:$AM$36,"="&$A$59) -> 52891 | E16: 136590 | F16: =E16/D16-1 -> 1.582481 | G16: =E16/C16 -> 0.28543104 | H16: =Attraction!F35 -> 86995.04 | I16: =27291+3150+6400 -> 36841 | J16: =I16/H16 -> 0.42348391 | K16: =C16+H16 -> 565534.44 | L16: =+E16+I16 -> 173431 | M16: =L16/K16 -> 0.30666744 | N16: =VLOOKUP(T5,'LFL 2024'!A6:L37,11,0) -> #N/A | O16: =E16 -> 136590 | P16: =O16/N16 -> #N/A | S16: =Q16/R16*1 -> #DIV/0!
A17: TF5T | B17: Pacific D21 | C17: 0 | D17: =SUMIFS(C50:AM50,$C$36:$AM$36,"="&$A$59) -> 0 | F17: =E17/D17-1 -> #DIV/0! | G17: =E17/C17 -> #DIV/0! | K17: =C17+H17 -> 0 | L17: =+E17+I17 -> 0 | M17: =L17/K17 -> #DIV/0! | N17: =VLOOKUP(T6,'LFL 2024'!A7:L38,11,0) -> #N/A | O17: =E17 -> 0 | P17: =O17/N17 -> #N/A | S17: =Q17/R17*1 -> #DIV/0!
A18: TXPH | B18: NH-1 Ambala store | C18: =Retail!P35 -> 52418.276 | D18: =SUMIFS(C51:AM51,$C$36:$AM$36,"="&$A$59) -> 2999 | E18: 5389 | F18: =E18/D18-1 -> 0.79693231 | G18: =E18/C18 -> 0.10280765 | K18: =C18+H18 -> 52418.276 | L18: =+E18+I18 -> 5389 | M18: =L18/K18 -> 0.10280765 | N18: =VLOOKUP(T7,'LFL 2024'!A8:L39,11,0) -> #N/A | O18: =E18 -> 5389 | P18: =O18/N18 -> #N/A | S18: =Q18/R18*1 -> #DIV/0!
A19: TXR2 | B19: Zirakpur | C19: =Retail!Q35 -> 50054.432 | D19: =SUMIFS(C52:AM52,$C$36:$AM$36,"="&$A$59) -> 15303 | E19: 9925 | F19: =E19/D19-1 -> -0.35143436 | G19: =E19/C19 -> 0.19828414 | K19: =C19+H19 -> 50054.432 | L19: =+E19+I19 -> 9925 | M19: =L19/K19 -> 0.19828414 | N19: =VLOOKUP(T8,'LFL 2024'!A9:L40,11,0) -> #N/A | O19: =E19 -> 9925 | P19: =O19/N19 -> #N/A | S19: =Q19/R19*1 -> #DIV/0!
A20: T2DD | B20: CP-67 | C20: =Retail!R35 -> 173176.09 | D20: =SUMIFS(C53:AM53,$C$36:$AM$36,"="&$A$59) -> 37688 | E20: 32826 | F20: =E20/D20-1 -> -0.12900658 | G20: =E20/C20 -> 0.18955272 | H20: =Attraction!H35 -> 37671.355 | I20: 16443 | J20: =I20/H20 -> 0.4364855 | K20: =C20+H20 -> 210847.45 | L20: =+E20+I20 -> 49269 | M20: =L20/K20 -> 0.23367131 | N20: =VLOOKUP(T9,'LFL 2024'!A10:L41,11,0) -> #N/A | O20: =E20 -> 32826 | P20: =O20/N20 -> #N/A | S20: =Q20/R20*1 -> #DIV/0!
A21: TL60 | B21: Iris | C21: =Retail!S35 -> 69239.832 | D21: =SUMIFS(C54:AM54,$C$36:$AM$36,"="&$A$59) -> 28679 | E21: 10499 | F21: =E21/D21-1 -> -0.63391332 | G21: =E21/C21 -> 0.15163237 | K21: =C21+H21 -> 69239.832 | L21: =+E21+I21 -> 10499 | M21: =L21/K21 -> 0.15163237 | N21: =VLOOKUP(T10,'LFL 2024'!A11:L42,11,0) -> #N/A | O21: =E21 -> 10499 | P21: =O21/N21 -> #N/A | S21: =Q21/R21*1 -> #DIV/0!
A22: T1MH | B22: Faridabad | C22: =Retail!T35 -> 118798.39 | D22: =SUMIFS(C55:AM55,$C$36:$AM$36,"="&$A$59) -> 23145 | E22: 24439 | F22: =E22/D22-1 -> 0.055908404 | G22: =E22/C22 -> 0.20571828 | K22: =C22+H22 -> 118798.39 | L22: =+E22+I22 -> 24439 | M22: =L22/K22 -> 0.20571828 | N22: =VLOOKUP(T11,'LFL 2024'!A12:L43,11,0) -> #N/A | O22: =E22 -> 24439 | P22: =O22/N22 -> #N/A | S22: =Q22/R22*1 -> #DIV/0!
A23: TB6V | B23: Elegante | C23: =Retail!U35 -> 187326.31 | D23: =SUMIFS(C56:AM56,$C$36:$AM$36,"="&$A$59) -> 32076 | E23: 19727 | F23: =E23/D23-1 -> -0.38499189 | G23: =E23/C23 -> 0.10530822 | K23: =C23+H23 -> 187326.31 | L23: =+E23+I23 -> 19727 | M23: =L23/K23 -> 0.10530822 | N23: =VLOOKUP(T11,'LFL 2024'!A12:L43,11,0) -> #N/A | O23: =E23 -> 19727 | P23: =O23/N23 -> #N/A | S23: =Q23/R23*1 -> #DIV/0!
A24: TBDE | B24: Dlf Summit Plaza | C24: =Retail!V35 -> 157216.41 | D24: =SUMIFS(C57:AM57,$C$36:$AM$36,"="&$A$59) -> 25590 | E24: 21668 | F24: =E24/D24-1 -> -0.15326299 | G24: =E24/C24 -> 0.13782277 | K24: =C24+H24 -> 157216.41 | L24: =+E24+I24 -> 21668 | M24: =L24/K24 -> 0.13782277 | N24: =VLOOKUP(T12,'LFL 2024'!A13:L44,11,0) -> #N/A | O24: =E24 -> 21668 | P24: =O24/N24 -> #N/A | S24: =Q24/R24*1 -> #DIV/0!
A25: TD9T | B25: Jodhpur | C25: =Retail!W35 -> 138746.39 | D25: =SUMIFS(C58:AM58,$C$36:$AM$36,"="&$A$59) -> 14381 | E25: 30780 | F25: =E25/D25-1 -> 1.140324 | G25: =E25/C25 -> 0.22184361 | K25: =C25+H25 -> 138746.39 | L25: =+E25+I25 -> 30780 | M25: =L25/K25 -> 0.22184361 | O25: =E25 -> 30780
C26: =SUM(C4:C25) -> 3986963.7 | D26: =SUM(D4:D25) -> 884688 | E26: =SUM(E4:E25) -> 927469 | F26: =E26/D26-1 -> 0.048357161 | G26: =E26/C26 -> 0.23262539 | H26: =SUM(H4:H23) -> 273790.24 | I26: =SUM(I4:I24) -> 83834 | J26: =I26/H26 -> 0.30619791 | K26: =SUM(K4:K25) -> 4260753.9 | L26: =SUM(L4:L25) -> 1011303 | M26: =L26/K26 -> 0.23735306 | N26: =VLOOKUP(T13,'LFL 2024'!A14:K45,10,0) -> #N/A | O26: =E26 -> 927469 | P26: =O26/N26 -> #N/A | Q26: =SUM(Q4:Q23) -> 0 | R26: =SUM(R4:R23) -> 0 | S26: =+Q26/R26 -> #DIV/0!
C28: Target | D28: Last Week | E28: This Week | F28: WOW | G28: Ach% | H28: Target | I28: This Week | J28: Ach % | K28: Target | L28: This Week | M28: Ach % | N28: NOB | O28: Loyalty | P28: Attach% | Q28: Loyalty | R28: NOB | S28: Ach % | AG28: =+K33-K26 -> 0
B29: Ajay | C29: =+C4+C20+C10+C13+C15+C25 -> 1191866.5 | D29: =+D4+D20+D10+D13+D15+D25 -> 236721 | E29: =+E4+E20+E10+E13+E15+E25 -> 284941 | F29: =E29/D29-1 -> 0.20369971 | G29: =+E29/C29 -> 0.23907123 | H29: =+H4+H20+H10+H13+H15 -> 55716.02 | I29: =+I4+I20+I10+I13+I15 -> 22893 | J29: =I29/H29 -> 0.41088721 | K29: =+K4+K20+K10+K13+K15+K25 -> 1247582.6 | L29: =+L4+L20+L10+L13+L15+L25 -> 307834 | M29: =L29/K29 -> 0.24674439 | N29: =+N4+N20 -> #N/A | O29: =+O4+O20+O10+O13+O15 -> 254161 | P29: =O29/N29 -> #N/A | Q29: =+Q4+Q20 -> 0 | R29: =+R4+R20 -> 0 | S29: =Q29/R29*1 -> #DIV/0!
B30: Shashank | C30: 0 | D30: 0 | E30: 0 | F30: =E30/D30-1 -> #DIV/0! | G30: =+E30/C30 -> #DIV/0! | H30: 0 | I30: 0 | J30: =I30/H30 -> #DIV/0! | K30: 0 | M30: =L30/K30 -> #DIV/0! | N30: =+N10+N13+N15 -> #N/A | O30: 0 | P30: =O30/N30 -> #N/A | Q30: =+Q10+Q13+Q15 -> 0 | R30: =+R10+R13+R15 -> 0 | S30: =Q30/R30*1 -> #DIV/0!
B31: Param | C31: =+C11+C9+C12+C6+C14+C21+C22+C24 -> 1171665.5 | D31: =+D11+D9+D12+D6+D14+D21+D22+D24 -> 296341 | E31: =+E11+E9+E12+E6+E14+E21+E22+E24 -> 231570 | F31: =E31/D31-1 -> -0.21856915 | G31: =+E31/C31 -> 0.19764173 | H31: =H11+H9+H12+H6+H14+H21+H24+H22 -> 100564.04 | I31: =I11+I9+I12+I6+I14+I21+I22+I24 -> 18500 | J31: =I31/H31 -> 0.18396237 | K31: =K11+K9+K12+K6+K14+K21+K22+K24 -> 1272229.6 | L31: =+L11+L9+L12+L6+L14+L22+L24+L21 -> 250070 | M31: =L31/K31 -> 0.19656044 | N31: =+N11+N9+N12+N6+N14+N21 -> #N/A | O31: =+O11+O9+O12+O6+O14+O21+O22+O24 -> 231570 | P31: =O31/N31 -> #N/A | Q31: =+Q11+Q9+Q12+Q6+Q14+Q21+Q22+Q24 -> 0 | R31: =+R11+R9+R12+R6+R14+R21+R22+R24 -> 0 | S31: =Q31/R31*1 -> #DIV/0!
B32: Harsh | C32: =+C5+C7+C8+C19+C18+C16+C23 -> 1623431.6 | D32: =+D5+D7+D8+D19+D18+D17+D16+D23 -> 351626 | E32: =+E5+E7+E8+E19+E18+E17+E16+E23 -> 410958 | F32: =E32/D32-1 -> 0.1687361 | G32: =+E32/C32 -> 0.25314155 | H32: =+H5+H7+H8+H19+H18+H17+H16+H23 -> 117510.18 | I32: =+I5+I7+I8+I19+I18+I17+I16+I23 -> 42441 | J32: =I32/H32 -> 0.36116871 | K32: =+K5+K7+K8+K19+K18+K16+K23 -> 1740941.8 | L32: =+L5+L7+L8+L16+L18+L19+L23 -> 453399 | M32: =L32/K32 -> 0.26043317 | N32: =+N5+N7+N8+N19+N18+N17+N16+N23 -> #N/A | O32: =+O5+O7+O8+O19+O18+O17+O16+O23 -> 410958 | P32: =O32/N32 -> #N/A | Q32: =+Q5+Q7+Q8+Q19+Q18+Q17+Q16+Q23 -> 0 | R32: =+R5+R7+R8+R19+R18+R17+R16+R23 -> 0 | S32: =Q32/R32*1 -> #DIV/0!
C33: =SUM(C29:C32) -> 3986963.7 | D33: =SUM(D29:D32) -> 884688 | E33: =SUM(E29:E32) -> 927469 | F33: =E33/D33-1 -> 0.048357161 | G33: =+E33/C33 -> 0.23262539 | H33: =SUM(H29:H32) -> 273790.24 | I33: =SUM(I29:I32) -> 83834 | J33: =I33/H33 -> 0.30619791 | K33: =SUM(K29:K32) -> 4260753.9 | L33: =SUM(L29:L32) -> 1011303 | M33: =L33/K33 -> 0.23735306 | N33: =SUM(N29:N32) -> #N/A | O33: =SUM(O29:O32) -> 896689 | P33: =O33/N33 -> #N/A | Q33: =SUM(Q29:Q32) -> 0 | R33: =SUM(R29:R32) -> 0 | S33: =+Q33/R33 -> #DIV/0!
A36: Store Code | B36: Store Name | C36: 46259 | D36: =C36+1 -> 46260 | E36: =D36+1 -> 46261 | F36: =E36+1 -> 46262 | G36: =F36+1 -> 46263 | H36: =G36+1 -> 46264 | I36: =H36+1 -> 46265 | J36: =I36+1 -> 46266 | K36: =J36+1 -> 46267 | ... AP36: =AO36+1 -> 46298
A37: THE8 | B37: AVK Delhi | C37: 31588 | D37: 118825 | E37: 116238 | F37: 100930 | G37: 98700 | H37: 220702 | I37: 67392 | J37: 51407 | K37: 32321 | L37: 74333 | N37: 88263 | P37: 30749 | Q37: 32633 | R37: 37364 | S37: 50265 | T37: 125191 | U37: 79924 | V37: 164684 | W37: 60602 | X37: 86306 | Y37: 50141 | Z37: 31872 | AA37: 139474 | AB37: 114904 | AC37: 202002 | AD37: 49606 | AE37: 42467 | AF37: 61565 | AG37: 81471 | AH37: 85522 | AI37: 162902
A38: THH2 | B38: Delhi Pacific | C38: 21800 | D38: 49510 | E38: 53259 | F38: 66251 | G38: 28974 | H38: 0 | I38: 0 | J38: 29938 | K38: 22611 | L38: 22947 | N38: 22676 | P38: 6500 | Q38: 11108 | R38: 19670 | S38: 0 | T38: 7767 | U38: 32195 | V38: 61409 | W38: 9978 | X38: 8495 | Y38: 21988 | Z38: 13027 | AA38: 23547 | AB38: 41009 | AC38: 55131 | AD38: 5680 | AE38: 12089 | AF38: 7754 | AG38: 12588 | AH38: 27984 | AI38: 52379
A39: TAHY | B39: Worldmark | C39: 17637 | D39: 1298 | E39: 799 | F39: 14470 | G39: 6819 | H39: 24094 | I39: 7187 | J39: 3347 | K39: 1670 | L39: 0 | N39: 6163 | P39: 3897 | Q39: 999 | R39: 1997 | S39: 4543 | T39: 549 | U39: 4396 | V39: 6233 | W39: 198 | X39: 0 | Y39: 2698 | Z39: 7497 | AA39: 6399 | AB39: 18465 | AC39: 30027 | AD39: 0 | AE39: 0 | AF39: 5904 | AG39: 5456 | AH39: 5260 | AI39: 19710
A40: THH3 | B40: Delhi Selectcity | C40: 65104 | D40: 96091 | E40: 71392 | F40: 184843 | G40: 92967 | H40: 133975 | I40: 59008 | J40: 36983 | K40: 23603 | L40: 39262 | N40: 60440 | P40: 9937 | Q40: 40149 | R40: 40588 | S40: 77405 | T40: 44777 | U40: 36107 | V40: 75711 | W40: 59531 | X40: 26849 | Y40: 57103 | Z40: 44550 | AA40: 14261 | AB40: 163003 | AC40: 135109 | AD40: 32881 | AE40: 44653 | AF40: 49663 | AG40: 53073 | AH40: 88935 | AI40: 154462
A41: TLX5 | B41: Vegas Dwarka | C41: 28668 | D41: 65095 | E41: 51522 | F41: 57740 | G41: 28721 | H41: 28865 | I41: 4387 | J41: 18423 | K41: 40288 | L41: 18327 | N41: 4597 | P41: 1699 | Q41: 7603 | R41: 52097 | S41: 5696 | T41: 27711 | U41: 55737 | V41: 39401 | W41: 19470 | X41: 16024 | Y41: 9816 | Z41: 18870 | AA41: 15314 | AB41: 44345 | AC41: 55006 | AD41: 23857 | AE41: 39715 | AF41: 12748 | AG41: 28327 | AH41: 23057 | AI41: 32486
A42: THF9 | B42: Amb Gurg Delhi | C42: 101463 | D42: 139935 | E42: 167343 | F42: 159730 | G42: 146272 | H42: 384000 | I42: 29546 | J42: 41971 | K42: 48343 | L42: 81857 | P42: 45953 | Q42: 31756 | R42: 37138 | S42: 24930 | T42: 57932 | U42: 130130 | V42: 111551 | W42: 60003 | X42: 18284 | Y42: 89447 | Z42: 34965 | AA42: 109040 | AB42: 146181 | AC42: 112161 | AD42: 49948 | AE42: 51540 | AF42: 71542 | AG42: 56021 | AH42: 61771 | AI42: 97966
A43: THI7 | B43: WTP Jaipur | C43: 22031 | D43: 33990 | E43: 63064 | F43: 36570 | G43: 46256 | H43: 30256 | I43: 10324 | J43: 12719 | K43: 16032 | L43: 8234 | N43: 15059 | P43: 31867 | Q43: 12600 | R43: 20490 | S43: 29680 | T43: 16220 | U43: 14028 | V43: 15365 | W43: 7605 | X43: 13587 | Y43: 9154 | Z43: 17364 | AA43: 5198 | AB43: 47459 | AC43: 48641 | AD43: 20154 | AE43: 6966 | AF43: 33294 | AG43: 12214 | AH43: 14128 | AI43: 42343
A44: THM0 | B44: Ardee Mall, Gurgaon | C44: 14080 | D44: 39166 | E44: 50443 | F44: 30180 | G44: 50880 | H44: 51021 | I44: 4092 | J44: 27234 | K44: 7303 | L44: 22280 | N44: 30080 | P44: 799 | Q44: 6825 | R44: 48080 | S44: 8267 | T44: 11080 | U44: 25680 | V44: 35280 | W44: 619 | X44: 1518 | Y44: 15080 | Z44: 3135 | AA44: 899 | AB44: 30133 | AC44: 32070 | AD44: 19259 | AE44: 19910 | AF44: 14676 | AG44: 17276 | AH44: 15519 | AI44: 23240
A45: TJY4 | B45: Airia Mall Gurg | C45: 0 | D45: 22747 | E45: 16048 | F45: 21754 | G45: 23135 | H45: 28186 | I45: 499 | J45: 2977 | K45: 4678 | L45: 3058 | N45: 17661 | P45: 0 | Q45: 0 | R45: 3407 | S45: 15567 | T45: 14409 | U45: 17032 | V45: 5093 | W45: 2175 | X45: 15995 | Y45: 4334 | Z45: 1718 | AA45: 7368 | AB45: 24148 | AC45: 26204 | AD45: 14494 | AE45: 11342 | AF45: 6995 | AG45: 17300 | AH45: 19795 | AI45: 34048
A46: TXUT | B46: Vaishali | C46: 13369 | D46: 21327 | E46: 29882 | F46: 31108 | G46: 95565 | H46: 17427 | I46: 7396 | J46: 19999 | K46: 899 | L46: 6554 | N46: 6298 | P46: 3988 | Q46: 7598 | R46: 38693 | S46: 3892 | T46: 4798 | U46: 2628 | V46: 17738 | W46: 6120 | X46: 9457 | Y46: 6396 | Z46: 3398 | AA46: 16972 | AB46: 13467 | AC46: 38316 | AD46: 2038 | AE46: 9743 | AF46: 12540 | AG46: 9864 | AH46: 17895 | AI46: 10968
A47: TXYT | B47: Good Earth
A48: TAUN | B48: Udaipur | C48: 6531 | D48: 10856 | E48: 6000 | F48: 10000 | G48: 3338 | H48: 5322 | I48: 0 | J48: 0 | K48: 5714 | L48: 2739 | N48: 7394 | P48: 3100 | Q48: 899 | R48: 2384 | S48: 1219 | T48: 0 | U48: 11422 | V48: 15396 | W48: 2197 | X48: 2999 | Y48: 3038 | Z48: 3297 | AA48: 5703 | AB48: 8822 | AC48: 7643 | AE48: 5174 | AF48: 8946 | AG48: 0 | AH48: 1699 | AI48: 5122
A49: THE1 | B49: Elante Chandigarh | C49: 65580 | D49: 94927 | E49: 107805 | F49: 82426 | G49: 85446 | H49: 392473 | I49: 53191 | J49: 73523 | K49: 63792 | L49: 76274 | N49: 115388 | P49: 33630 | Q49: 44374 | R49: 55178 | S49: 64155 | T49: 98470 | U49: 173555 | V49: 118007 | W49: 20522 | X49: 48587 | Y49: 38193 | Z49: 80276 | AA49: 74479 | AB49: 52891 | AC49: 116000 | AD49: 36518 | AE49: 90136 | AF49: 41793 | AG49: 66118 | AH49: 29065 | AI49: 136590
A50: TF5T | B50: Pacific D21
A51: TXPH | B51: NH-1 Ambala store | C51: 2400 | D51: 7749 | E51: 19157 | F51: 23246 | G51: 17588 | H51: 33699 | I51: 949 | J51: 9456 | K51: 8570 | L51: 5499 | N51: 16526 | P51: 3800 | Q51: 8865 | R51: 0 | S51: 1799 | T51: 4018 | U51: 2700 | V51: 14007 | W51: 3100 | X51: 7006 | Y51: 4796 | Z51: 8554 | AA51: 299 | AB51: 2999 | AC51: 17828 | AD51: 1516 | AE51: 1798 | AF51: 4837 | AG51: 699 | AH51: 1698 | AI51: 5389
A52: TXR2 | B52: Zirakpur | C52: 2945 | D52: 7044 | E52: 27150 | F52: 31549 | G52: 2089 | H52: 16601 | I52: 0 | J52: 3977 | K52: 5995 | L52: 5075 | N52: 3699 | P52: 5646 | Q52: 5889 | R52: 8490 | S52: 2697 | T52: 6242 | U52: 19820 | V52: 5808 | W52: 5597 | X52: 2297 | Y52: 10941 | Z52: 7062 | AA52: 2217 | AB52: 15303 | AC52: 28256 | AD52: 2874 | AE52: 14285 | AF52: 6856 | AG52: 11495 | AH52: 0 | AI52: 9925
A53: T2DD | B53: CP-67 | C53: 22614 | D53: 48174 | E53: 68607 | F53: 97140 | G53: 24398 | H53: 42690 | I53: 13884 | J53: 4516 | K53: 34813 | L53: 42648 | N53: 16288 | P53: 10222 | Q53: 15401 | R53: 17084 | S53: 22610 | T53: 8745 | U53: 61816 | V53: 46348 | W53: 35496 | X53: 30077 | Y53: 5864 | Z53: 13759 | AA53: 10321 | AB53: 37688 | AC53: 55765 | AD53: 34361 | AE53: 9611 | AF53: 38315 | AG53: 31475 | AH53: 35494 | AI53: 32826
A54: TL60 | B54: Iris | C54: 8589 | D54: 11087 | E54: 27131 | F54: 15320 | G54: 8384 | H54: 7873 | I54: 780 | J54: 6294 | K54: 6196 | L54: 899 | N54: 3492 | P54: 1597 | Q54: 1196 | R54: 0 | S54: 9525 | T54: 6789 | U54: 20081 | V54: 12699 | W54: 7390 | X54: 9267 | Y54: 5695 | Z54: 6392 | AA54: 10161 | AB54: 28679 | AC54: 18061 | AD54: 2957 | AE54: 4756 | AF54: 4897 | AG54: 16229 | AH54: 999 | AI54: 10499
A55: T1MH | B55: Faridabad | C55: 32075 | D55: 79024 | E55: 22289 | F55: 29420 | G55: 22376 | H55: 30678 | I55: 4837 | J55: 3893 | K55: 10729 | L55: 27658 | N55: 24774 | P55: 4198 | Q55: 16568 | R55: 648 | S55: 26539 | T55: 3677 | U55: 30156 | V55: 26487 | W55: 5793 | X55: 1799 | Y55: 599 | Z55: 5063 | AA55: 4398 | AB55: 23145 | AC55: 15821 | AD55: 0 | AE55: 12541 | AF55: 12238 | AG55: 16684 | AH55: 940 | AI55: 24439
A56: TB6V | B56: Elegante | C56: 17350 | D56: 53833 | E56: 34677 | F56: 38750 | G56: 49527 | H56: 20386 | I56: 13328 | J56: 28062 | K56: 26755 | L56: 15756 | N56: 25911 | P56: 3545 | Q56: 39609 | R56: 6612 | S56: 8051 | T56: 26758 | U56: 52566 | V56: 34840 | W56: 75497 | X56: 9093 | Y56: 19379 | Z56: 24765 | AA56: 18974 | AB56: 32076 | AC56: 27956 | AD56: 27824 | AE56: 10602 | AF56: 35797 | AG56: 30797 | AH56: 16976 | AI56: 19727
A57: TBDE | B57: Dlf Summit Plaza | C57: 14678 | D57: 20017 | E57: 4158 | F57: 14315 | G57: 4979 | H57: 5609 | I57: 9235 | J57: 3119 | K57: 0 | L57: 6698 | N57: 30184 | P57: 899 | Q57: 6036 | R57: 3519 | S57: 18873 | T57: 11007 | U57: 30379 | V57: 10750 | W57: 3312 | X57: 6147 | Y57: 0 | Z57: 9828 | AA57: 5545 | AB57: 25590 | AC57: 16782 | AD57: 3498 | AE57: 12749 | AF57: 0 | AH57: 0 | AI57: 21668
A58: TD9T | B58: Jodhpur | C58: 13691 | D58: 62834 | E58: 67233 | F58: 51444 | G58: 9665 | H58: 16242 | I58: 17652 | J58: 10534 | K58: 21179 | L58: 25465 | N58: 10520 | P58: 2246 | Q58: 14660 | R58: 10013 | S58: 0 | T58: 0 | U58: 0 | V58: 22734 | W58: 16823 | X58: 17867 | Y58: 10345 | Z58: 17758 | AA58: 16614 | AB58: 14381 | AC58: 16210 | AD58: 17480 | AE58: 26080 | AF58: 20749 | AG58: 10080 | AH58: 15080 | AI58: 30780
A59: =TODAY()-7 -> 46284

Sheet 5PM
A1: 5PM
C2: Retail | H2: Attraction | K2: Retail + Attraction | N2: s | Q2: LOYALTY
A3: Store Code | B3: Store Name | C3: Target | D3: Last Week | E3: This Week | F3: WOW Sale | G3: Ach % | H3: Target | I3: This Week | J3: Ach % | K3: Target | L3: This Week | M3: Ach % | N3: LYSMD | O3: TYSMD | P3: Attach% | Q3: LOYALTY | R3: NOB | S3: Ach %
A4: THE8 | B4: AVK Delhi | C4: =Retail!M35 -> 520994.28 | D4: =SUMIFS(C37:AM37,$C$36:$AM$36,"="&$A$59) -> 215948 | E4: 282604 | F4: =E4/D4-1 -> 0.3086669 | G4: =E4/C4 -> 0.54243206 | H4: =Attraction!G35 -> 13653.531 | I4: 7800 | J4: =I4/H4 -> 0.5712808 | K4: =C4+H4 -> 534647.81 | L4: =+E4+I4 -> 290404 | M4: =L4/K4 -> 0.54316878 | N4: =VLOOKUP(T1,'LFL 2024'!A2:C33,3,0) -> #N/A | O4: =Z37 -> 100583 | P4: =O4/N4 -> #N/A | Q4: 12 | R4: 70 | S4: =Q4/R4*1 -> 0.17142857
A5: THH2 | B5: Delhi Pacific | C5: =Retail!J35 -> 286734.48 | D5: =SUMIFS(C38:AM38,$C$36:$AM$36,"="&$A$59) -> 55406 | E5: 89519 | F5: =E5/D5-1 -> 0.61569144 | G5: =E5/C5 -> 0.31220173 | H5: =Attraction!E35 -> 18519.062 | I5: 8200 | J5: =I5/H5 -> 0.442787 | K5: =C5+H5 -> 305253.54 | L5: =+E5+I5 -> 97719 | M5: =L5/K5 -> 0.32012405 | N5: =VLOOKUP(T1,'LFL 2024'!A2:D33,4,0) -> #N/A | O5: =Z38 -> 49455 | P5: =O5/N5 -> #N/A | Q5: 6 | R5: 36 | S5: =Q5/R5*1 -> 0.16666667
A6: TAHY | B6: Worldmark | C6: =Retail!H35 -> 63851.172 | D6: =SUMIFS(C39:AM39,$C$36:$AM$36,"="&$A$59) -> 20821 | E6: 34140 | F6: =E6/D6-1 -> 0.6396907 | G6: =E6/C6 -> 0.53468087 | H6: =Attraction!B35 -> 100564.04 | I6: 29500 | J6: =I6/H6 -> 0.29334541 | K6: =C6+H6 -> 164415.21 | L6: =+E6+I6 -> 63640 | M6: =L6/K6 -> 0.3870688 | N6: =VLOOKUP(T1,'LFL 2024'!A2:F33,5,0) -> #N/A | O6: =Z39 -> 10195 | P6: =O6/N6 -> #N/A | S6: =Q6/R6*1 -> #DIV/0!
A7: THH3 | B7: Delhi Selectcity | C7: =Retail!K35 -> 392222.7 | D7: =SUMIFS(C40:AM40,$C$36:$AM$36,"="&$A$59) -> 244035 | E7: 221767 | F7: =E7/D7-1 -> -0.091249206 | G7: =E7/C7 -> 0.56541093 | J7: =I7/H7 -> #DIV/0! | K7: =C7+H7 -> 392222.7 | L7: =+E7+I7 -> 221767 | M7: =L7/K7 -> 0.56541093 | N7: =VLOOKUP(T1,'LFL 2024'!A2:G33,6,0) -> #N/A | O7: =Z40 -> 76164 | P7: =O7/N7 -> #N/A | Q7: 12 | R7: 65 | S7: =Q7/R7*1 -> 0.18461538
A8: TLX5 | B8: Vegas Dwarka | C8: =Retail!L35 -> 176136.03 | D8: =SUMIFS(C41:AM41,$C$36:$AM$36,"="&$A$59) -> 93862 | E8: 76215 | F8: =E8/D8-1 -> -0.18801006 | G8: =E8/C8 -> 0.43270533 | H8: =Attraction!D35 -> 11996.078 | I8: 4250 | J8: =I8/H8 -> 0.35428246 | K8: =C8+H8 -> 188132.11 | L8: =+E8+I8 -> 80465 | M8: =L8/K8 -> 0.42770477 | N8: =VLOOKUP(T1,'LFL 2024'!A2:H33,7,0) -> #N/A | O8: =Z41 -> 31667 | P8: =O8/N8 -> #N/A | Q8: 5 | R8: 39 | S8: =Q8/R8*1 -> 0.12820513
A9: THF9 | B9: Amb Gurg Delhi | C9: =Retail!B35 -> 480133.83 | D9: =SUMIFS(C42:AM42,$C$36:$AM$36,"="&$A$59) -> 290337 | E9: 165757 | F9: =E9/D9-1 -> -0.42908758 | G9: =E9/C9 -> 0.34523083 | J9: =I9/H9 -> #DIV/0! | K9: =C9+H9 -> 480133.83 | L9: =+E9+I9 -> 165757 | M9: =L9/K9 -> 0.34523083 | N9: =VLOOKUP(T1,'LFL 2024'!A2:I33,8,0) -> #N/A | O9: =Z42 -> 71976 | P9: =O9/N9 -> #N/A | Q9: 20 | R9: 74 | S9: =Q9/R9*1 -> 0.27027027
A10: THI7 | B10: WTP Jaipur | C10: =Retail!F35 -> 190041.27 | D10: =SUMIFS(C43:AM43,$C$36:$AM$36,"="&$A$59) -> 84325 | E10: 56762 | F10: =E10/D10-1 -> -0.32686629 | G10: =E10/C10 -> 0.29868248 | J10: =I10/H10 -> #DIV/0! | K10: =C10+H10 -> 190041.27 | L10: =+E10+I10 -> 56762 | M10: =L10/K10 -> 0.29868248 | N10: =VLOOKUP(T1,'LFL 2024'!A2:J33,9,0) -> #N/A | O10: =Z43 -> 23548 | P10: =O10/N10 -> #N/A | Q10: 4 | R10: 29 | S10: =Q10/R10*1 -> 0.13793103
A11: THM0 | B11: Ardee Mall, Gurgaon | C11: =Retail!C35 -> 174186.13 | D11: =SUMIFS(C44:AM44,$C$36:$AM$36,"="&$A$59) -> 52628 | E11: 60455 | F11: =E11/D11-1 -> 0.14872311 | G11: =E11/C11 -> 0.34707127 | J11: =I11/H11 -> #DIV/0! | K11: =C11+H11 -> 174186.13 | L11: =+E11+I11 -> 60455 | M11: =L11/K11 -> 0.34707127 | N11: =VLOOKUP(T1,'LFL 2024'!A2:K33,10,0) -> #N/A | O11: =Z44 -> 9526 | P11: =O11/N11 -> #N/A | Q11: 4 | R11: 22 | S11: =Q11/R11*1 -> 0.18181818
A12: TJY4 | B12: Airia Mall Gurg | C12: =Retail!D35 -> 108239.76 | D12: =SUMIFS(C45:AM45,$C$36:$AM$36,"="&$A$59) -> 48671 | E12: 65881 | F12: =E12/D12-1 -> 0.35359865 | G12: =E12/C12 -> 0.60865806 | J12: =I12/H12 -> #DIV/0! | K12: =C12+H12 -> 108239.76 | L12: =+E12+I12 -> 65881 | M12: =L12/K12 -> 0.60865806 | N12: =VLOOKUP(T1,'LFL 2024'!A2:L33,11,0) -> #N/A | O12: =Z45 -> 5562 | P12: =O12/N12 -> #N/A | Q12: 1 | R12: 37 | S12: =Q12/R12*1 -> 0.027027027
A13: TXUT | B13: Vaishali | C13: =Retail!G35 -> 93298.933 | D13: =SUMIFS(C46:AM46,$C$36:$AM$36,"="&$A$59) -> 26042 | E13: 40669 | F13: =E13/D13-1 -> 0.56166961 | G13: =E13/C13 -> 0.43589995 | J13: =I13/H13 -> #DIV/0! | K13: =C13+H13 -> 93298.933 | L13: =+E13+I13 -> 40669 | M13: =L13/K13 -> 0.43589995 | N13: =VLOOKUP(T2,'LFL 2024'!A3:L34,11,0) -> #N/A | O13: =Z46 -> 23310 | P13: =O13/N13 -> #N/A | Q13: 0 | R13: 7 | S13: =Q13/R13*1 -> 0
A14: TXYT | B14: Good Earth | F14: =E14/D14-1 -> #DIV/0! | G14: =E14/C14 -> #DIV/0! | J14: =I14/H14 -> #DIV/0! | K14: =C14+H14 -> 0 | L14: =+E14+I14 -> 0 | M14: =L14/K14 -> #DIV/0! | N14: =VLOOKUP(T3,'LFL 2024'!A4:L35,11,0) -> #N/A | O14: =Z47 -> 0 | P14: =O14/N14 -> #N/A | S14: =Q14/R14*1 -> #DIV/0!
A15: TAUN | B15: Udaipur | C15: =Retail!I35 -> 75609.562 | D15: =SUMIFS(C48:AM48,$C$36:$AM$36,"="&$A$59) -> 20000 | E15: 9354 | F15: =E15/D15-1 -> -0.5323 | G15: =E15/C15 -> 0.12371451 | H15: =Attraction!C35 -> 4391.1341 | I15: 2850 | J15: =I15/H15 -> 0.64903506 | K15: =C15+H15 -> 80000.696 | L15: =+E15+I15 -> 12204 | M15: =L15/K15 -> 0.15254867 | N15: =VLOOKUP(T4,'LFL 2024'!A5:L36,11,0) -> #N/A | O15: =Z48 -> 4195 | P15: =O15/N15 -> #N/A | Q15: 2 | R15: 9 | S15: =Q15/R15*1 -> 0.22222222
A16: THE1 | B16: Elante Chandigarh | C16: =Retail!N35 -> 478539.4 | D16: =SUMIFS(C49:AM49,$C$36:$AM$36,"="&$A$59) -> 187202 | E16: 243281 | F16: =E16/D16-1 -> 0.29956411 | G16: =E16/C16 -> 0.50838238 | H16: =Attraction!F35 -> 86995.04 | I16: =4500+12681+53076 -> 70257 | J16: =I16/H16 -> 0.80759777 | K16: =C16+H16 -> 565534.44 | L16: =+E16+I16 -> 313538 | M16: =L16/K16 -> 0.55441009 | N16: =VLOOKUP(T5,'LFL 2024'!A6:L37,11,0) -> #N/A | O16: =Z49 -> 118788 | P16: =O16/N16 -> #N/A | Q16: 22 | R16: 113 | S16: =Q16/R16*1 -> 0.19469027
A17: TF5T | B17: Pacific D21 | C17: 0 | D17: 0 | F17: =E17/D17-1 -> #DIV/0! | G17: =E17/C17 -> #DIV/0! | J17: =I17/H17 -> #DIV/0! | K17: =C17+H17 -> 0 | L17: =+E17+I17 -> 0 | M17: =L17/K17 -> #DIV/0! | N17: =VLOOKUP(T6,'LFL 2024'!A7:L38,11,0) -> #N/A | O17: =Z50 -> 0 | P17: =O17/N17 -> #N/A | Q17: 0 | S17: =Q17/R17*1 -> #DIV/0!
A18: TXPH | B18: NH-1 Ambala store | C18: =Retail!P35 -> 52418.276 | D18: =SUMIFS(C51:AM51,$C$36:$AM$36,"="&$A$59) -> 12072 | E18: 20028 | F18: =E18/D18-1 -> 0.65904573 | G18: =E18/C18 -> 0.38208048 | J18: =I18/H18 -> #DIV/0! | K18: =C18+H18 -> 52418.276 | L18: =+E18+I18 -> 20028 | M18: =L18/K18 -> 0.38208048 | N18: =VLOOKUP(T7,'LFL 2024'!A8:L39,11,0) -> #N/A | O18: =Z51 -> 10004 | P18: =O18/N18 -> #N/A | Q18: 2 | R18: 6 | S18: =Q18/R18*1 -> 0.33333333
A19: TXR2 | B19: Zirakpur | C19: =Retail!Q35 -> 50054.432 | D19: =SUMIFS(C52:AM52,$C$36:$AM$36,"="&$A$59) -> 24076 | E19: 9925 | F19: =E19/D19-1 -> -0.58776375 | G19: =E19/C19 -> 0.19828414 | J19: =I19/H19 -> #DIV/0! | K19: =C19+H19 -> 50054.432 | L19: =+E19+I19 -> 9925 | M19: =L19/K19 -> 0.19828414 | N19: =VLOOKUP(T8,'LFL 2024'!A9:L40,11,0) -> #N/A | O19: =Z52 -> 10022 | P19: =O19/N19 -> #N/A | Q19: 1 | R19: 10 | S19: =Q19/R19*1 -> 0.1
A20: T2DD | B20: CP-67 | C20: =Retail!R35 -> 173176.09 | D20: =SUMIFS(C53:AM53,$C$36:$AM$36,"="&$A$59) -> 83413 | E20: 76520 | F20: =E20/D20-1 -> -0.082636999 | G20: =E20/C20 -> 0.44186238 | H20: 24039 | I20: 27592 | J20: =I20/H20 -> 1.1478015 | K20: =C20+H20 -> 197215.09 | L20: =+E20+I20 -> 104112 | M20: =L20/K20 -> 0.52791091 | N20: =VLOOKUP(T9,'LFL 2024'!A10:L41,11,0) -> #N/A | O20: =Z53 -> 35746 | P20: =O20/N20 -> #N/A | Q20: 15 | R20: 49 | S20: =Q20/R20*1 -> 0.30612245
A21: TL60 | B21: Iris | C21: =Retail!S35 -> 69239.832 | D21: =SUMIFS(C54:AM54,$C$36:$AM$36,"="&$A$59) -> 40092 | E21: 11576 | F21: =E21/D21-1 -> -0.71126409 | G21: =E21/C21 -> 0.167187 | J21: =I21/H21 -> #DIV/0! | K21: =C21+H21 -> 69239.832 | L21: =+E21+I21 -> 11576 | M21: =L21/K21 -> 0.167187 | N21: =VLOOKUP(T10,'LFL 2024'!A11:L42,11,0) -> #N/A | O21: =Z54 -> 13410 | P21: =O21/N21 -> #N/A | Q21: 1 | R21: 12 | S21: =Q21/R21*1 -> 0.083333333
A22: TM1H | B22: Faridabad | C22: =Retail!T35 -> 118798.39 | D22: =SUMIFS(C55:AM55,$C$36:$AM$36,"="&$A$59) -> 36461 | E22: 42688 | F22: =E22/D22-1 -> 0.17078522 | G22: =E22/C22 -> 0.35933147 | J22: =I22/H22 -> #DIV/0! | K22: =C22+H22 -> 118798.39 | L22: =+E22+I22 -> 42688 | M22: =L22/K22 -> 0.35933147 | N22: =VLOOKUP(T11,'LFL 2024'!A12:L43,11,0) -> #N/A | O22: =Z55 -> 8150 | P22: =O22/N22 -> #N/A | S22: =Q22/R22*1 -> #DIV/0!
A23: TB6V | B23: Elegante | C23: =Retail!U35 -> 187326.31 | D23: =SUMIFS(C56:AM56,$C$36:$AM$36,"="&$A$59) -> 74941 | E23: 33309 | F23: =E23/D23-1 -> -0.55553035 | G23: =E23/C23 -> 0.17781271 | J23: =I23/H23 -> #DIV/0! | K23: =C23+H23 -> 187326.31 | L23: =+E23+I23 -> 33309 | M23: =L23/K23 -> 0.17781271 | N23: =VLOOKUP(T11,'LFL 2024'!A12:L43,11,0) -> #N/A | O23: =Z56 -> 28213 | P23: =O23/N23 -> #N/A | Q23: 3 | R23: 27 | S23: =Q23/R23*1 -> 0.11111111
A24: TBDE | B24: Dlf Summit Plaza | C24: =Retail!V35 -> 157216.41 | D24: =SUMIFS(C57:AM57,$C$36:$AM$36,"="&$A$59) -> 31412 | E24: 52123 | F24: =E24/D24-1 -> 0.65933401 | G24: =E24/C24 -> 0.33153665 | J24: =I24/H24 -> #DIV/0! | K24: =C24+H24 -> 157216.41 | L24: =+E24+I24 -> 52123 | M24: =L24/K24 -> 0.33153665
A25: TD9T | B25: Jodhpur | C25: =Retail!W35 -> 138746.39 | D25: =SUMIFS(C58:AM58,$C$36:$AM$36,"="&$A$59) -> 14381 | E25: 38180 | F25: =E25/D25-1 -> 1.6548919 | G25: =E25/C25 -> 0.27517833 | J25: =I25/H25 -> #DIV/0! | K25: =C25+H25 -> 138746.39 | L25: =+E25+I25 -> 38180 | M25: =L25/K25 -> 0.27517833
C26: =SUM(C4:C25) -> 3986963.7 | D26: =SUM(D4:D24) -> 1641744 | E26: =SUM(E3:E25) -> 1630753 | F26: =E26/D26-1 -> -0.00669471 | G26: =E26/C26 -> 0.40902128 | H26: =SUM(H4:H24) -> 260157.89 | I26: =SUM(I3:I24) -> 150449 | J26: =I26/H26 -> 0.57829882 | K26: =SUM(K4:K25) -> 4247121.6 | L26: =SUM(L4:L25) -> 1781202 | M26: =L26/K26 -> 0.4193904 | N26: =VLOOKUP(T12,'LFL 2024'!A13:K44,10,0) -> #N/A | O26: =E26 -> 1630753 | P26: =O26/N26 -> #N/A | Q26: =SUM(Q3:Q23) -> 110 | R26: =SUM(R3:R23) -> 605 | S26: =+Q26/R26 -> 0.18181818
C28: Target | D28: Last Week | E28: This Week | F28: WOW | G28: Ach% | H28: Target | I28: This Week | J28: Ach % | K28: Target | L28: This Week | M28: Ach % | N28: NOB | O28: Loyalty | P28: Attach% | Q28: Loyalty | R28: NOB | S28: Ach %
B29: Ajay | C29: =+C4+C20+C10+C13+C15+C25 -> 1191866.5 | D29: =+D4+D20+D10+D13+D15 -> 429728 | E29: =+E4+E20+E10+E13+E15+E25 -> 504089 | F29: =E29/D29-1 -> 0.17304202 | G29: =+E29/C29 -> 0.42294081 | H29: =+H4+H20+H10+H13+H15 -> 42083.665 | I29: =+I4+I20+I10+I13+I15 -> 38242 | J29: =I29/H29 -> 0.90871363 | K29: =+K4+K20+K10+K13+K15+K25 -> 1233950.2 | L29: =+L4+L20+L10+L13+L15+L25 -> 542331 | M29: =L29/K29 -> 0.43950801 | N29: =+N4+N20 -> #N/A | O29: =+O4+O20+O10+O13+O15 -> 187382 | P29: =O29/N29-1 -> #N/A | Q29: =+Q4+Q20+Q10+Q13+Q15 -> 33 | R29: =+R4+R20+R10+R13+R15 -> 164 | S29: =Q29/R29*1 -> 0.20121951
B30: Shashank | C30: 0 | D30: 0 | F30: =E30/D30-1 -> #DIV/0! | G30: =+E30/C30 -> #DIV/0! | H30: 0 | I30: 0 | J30: =I30/H30 -> #DIV/0! | K30: 0 | L30: 0 | M30: =L30/K30 -> #DIV/0! | N30: =+N10+N13+N15 -> #N/A | O30: 0 | P30: =O30/N30-1 -> #N/A | Q30: =+Q9+Q12+Q14 -> 21 | R30: =+R9+R12+R14 -> 111 | S30: =Q30/R30*1 -> 0.18918919
B31: Param | C31: =+C11+C9+C12+C6+C14+C21+C22+C24 -> 1171665.5 | D31: =+D11+D9+D12+D6+D14+D21+D22+D24 -> 520422 | E31: =+E6+E9+E11+E14+E21+E22+E12+E24 -> 432620 | F31: =E31/D31-1 -> -0.16871308 | G31: =+E31/C31 -> 0.36923507 | H31: =H11+H9+H12+H6+H14+H21+H22+H24 -> 100564.04 | I31: =I11+I9+I12+I6+I14+I21+I22+I24 -> 29500 | J31: =I31/H31 -> 0.29334541 | K31: =K11+K9+K12+K6+K14+K21+K22+K24 -> 1272229.6 | L31: =L11+L9+L12+L6+L14+L21+L22+L24 -> 462120 | M31: =L31/K31 -> 0.36323633 | N31: =+N11+N9+N12+N6+N14+N21 -> #N/A | O31: =+O11+O9+O12+O6+O14+O21 -> 110669 | P31: =O31/N31-1 -> #N/A | Q31: =+Q10+Q8+Q11+Q5+Q13+Q20 -> 34 | R31: =+R10+R8+R11+R5+R13+R20 -> 182 | S31: =Q31/R31*1 -> 0.18681319
B32: Harsh | C32: =+C5+C7+C8+C19+C18+C16+C23 -> 1623431.6 | D32: =+D5+D7+D8+D19+D18+D16+D23 -> 691594 | E32: =+E5+E7+E8+E16+E17+E18+E19+E23 -> 694044 | F32: =E32/D32-1 -> 0.0035425409 | G32: =+E32/C32 -> 0.42751662 | H32: =+H5+H7+H8+H19+H18+H17+H16+H23 -> 117510.18 | I32: =+I5+I7+I8+I19+I18+I17+I16+I23 -> 82707 | J32: =I32/H32 -> 0.70382838 | K32: =+K5+K7+K8+K19+K18+K17+K16+K23 -> 1740941.8 | L32: =+L5+L7+L8+L19+L18+L17+L16+L23 -> 776751 | M32: =L32/K32 -> 0.44616712 | N32: =+N5+N7+N8+N19+N18+N17+N16+N23 -> #N/A | O32: =+O5+O7+O8+O19+O18+O17+O16+O23 -> 324313 | P32: =O32/N32-1 -> #N/A | Q32: =+Q4+Q6+Q7+Q18+Q17+Q16+Q15+Q22 -> 50 | R32: =+R4+R6+R7+R18+R17+R16+R15+R22 -> 263 | S32: =Q32/R32*1 -> 0.19011407
C33: =SUM(C29:C32) -> 3986963.7 | D33: =SUM(D29:D32) -> 1641744 | E33: =SUM(E29:E32) -> 1630753 | F33: =E33/D33-1 -> -0.00669471 | G33: =+E33/C33 -> 0.40902128 | H33: =SUM(H29:H32) -> 260157.89 | I33: =SUM(I29:I32) -> 150449 | J33: =I33/H33 -> 0.57829882 | K33: =SUM(K29:K32) -> 4247121.6 | L33: =SUM(L29:L32) -> 1781202 | M33: =L33/K33 -> 0.4193904 | N33: =SUM(N4:N23) -> #N/A | O33: =SUM(O29:O32) -> 622364 | P33: =SUM(P4:P23) -> #N/A | Q33: =SUM(Q29:Q32) -> 138 | R33: =SUM(R29:R32) -> 720 | S33: =+Q33/R33 -> 0.19166667
A36: Store Code | B36: Store Name | C36: 46259 | D36: =C36+1 -> 46260 | E36: =D36+1 -> 46261 | F36: =E36+1 -> 46262 | G36: =F36+1 -> 46263 | H36: =G36+1 -> 46264 | I36: =H36+1 -> 46265 | J36: =I36+1 -> 46266 | K36: =J36+1 -> 46267 | ... AP36: =AO36+1 -> 46298
A37: THE8 | B37: AVK Delhi | C37: 137270 | D37: 189419 | E37: 212559 | F37: 198820 | G37: 276544 | H37: 326183 | I37: 128034 | J37: 94857 | K37: 71171 | L37: 133567 | M37: 134103 | N37: 209901 | P37: 57731 | Q37: 65166 | R37: 122525 | S37: 116126 | T37: 152761 | U37: 233248 | V37: 224781 | W37: 149831 | X37: 102569 | Y37: 102569 | Z37: 100583 | AA37: 294381 | AB37: 215948 | AC37: 296414 | AD37: 107605 | AE37: 79076 | AF37: 97344 | AG37: 144787 | AH37: 108402 | AI37: 282604
A38: THH2 | B38: Delhi Pacific | C38: 39699 | D38: 125114 | E38: 111226 | F38: 83127 | G38: 62006 | H38: 72310 | I38: 24717 | J38: 73926 | K38: 43484 | L38: 36303 | N38: 48586 | P38: 43789 | Q38: 23415 | R38: 32683 | S38: 14029 | U38: 46905 | V38: 123720 | W38: 47374 | X38: 33134 | Y38: 33134 | Z38: 49455 | AA38: 35366 | AB38: 55406 | AC38: 78901 | AD38: 54880 | AE38: 66459 | AF38: 38070 | AG38: 18172 | AH38: 57101 | AI38: 89519
A39: TAHY | B39: Worldmark | C39: 15499 | D39: 9976 | E39: 40984 | F39: 27410 | G39: 11813 | H39: 43713 | I39: 8086 | J39: 9645 | K39: 3269 | L39: 999 | M39: 23435 | N39: 30119 | P39: 3897 | Q39: 999 | R39: 3507 | S39: 4642 | T39: 2682 | U39: 10040 | V39: 14500 | W39: 7346 | X39: 6996 | Y39: 6996 | Z39: 10195 | AA39: 7897 | AB39: 20821 | AC39: 38071 | AD39: 0 | AE39: 0 | AF39: 5904 | AG39: 11851 | AH39: 7251 | AI39: 34140
A40: THH3 | B40: Delhi Selectcity | C40: 105679 | D40: 230329 | E40: 193769 | F40: 210589 | G40: 240659 | H40: 279799 | I40: 99587 | J40: 53479 | K40: 34523 | L40: 77393 | M40: 95400 | N40: 299840 | Q40: 58238 | R40: 76021 | S40: 119379 | T40: 86564 | U40: 95240 | V40: 158899 | W40: 97087 | X40: 114372 | Y40: 114372 | Z40: 76164 | AA40: 50939 | AB40: 244035 | AC40: 209321 | AE40: 82091 | AF40: 97917 | AG40: 88237 | AH40: 125978 | AI40: 221767
A41: TLX5 | B41: Vegas Dwarka | C41: 39658 | D41: 81361 | E41: 77409 | F41: 83854 | G41: 48031 | H41: 59704 | I41: 10864 | K41: 48953 | L41: 31197 | M41: 8597 | N41: 90557 | P41: 7075 | Q41: 12336 | R41: 53293 | S41: 26507 | T41: 60102 | U41: 157930 | V41: 71664 | W41: 22114 | X41: 28601 | Y41: 28601 | Z41: 31667 | AA41: 25234 | AB41: 93862 | AC41: 99460 | AD41: 25745 | AE41: 59283 | AF41: 38475 | AG41: 50523 | AH41: 39799 | AI41: 76215
A42: THF9 | B42: Amb Gurg Delhi | C42: 101463 | D42: 236449 | E42: 275663 | F42: 245777 | G42: 360195 | H42: 594692 | I42: 65667 | J42: 41971 | K42: 64361 | L42: 103370 | M42: 126887 | N42: 153987 | P42: 57998 | Q42: 64057 | R42: 56438 | S42: 24930 | T42: 98630 | U42: 195835 | V42: 199286 | W42: 85938 | X42: 112826 | Z42: 71976 | AA42: 149226 | AB42: 290337 | AC42: 211367 | AD42: 71186 | AE42: 107304 | AF42: 143804 | AG42: 122824 | AH42: 122672 | AI42: 165757
A43: THI7 | B43: WTP Jaipur | C43: 69785 | D43: 71578 | E43: 121190 | F43: 78328 | G43: 112339 | H43: 61112 | I43: 25698 | J43: 16683 | K43: 48322 | L43: 32686 | N43: 59471 | P43: 44658 | Q43: 19345 | R43: 41358 | S43: 41437 | T43: 36352 | U43: 63241 | V43: 39010 | W43: 15243 | X43: 13223 | Y43: 13223 | Z43: 23548 | AA43: 5198 | AB43: 84325 | AC43: 95542 | AD43: 30590 | AE43: 23687 | AF43: 37450 | AG43: 29322 | AH43: 17836 | AI43: 56762
A44: THM0 | B44: Ardee Mall, Gurgaon | C44: 31080 | D44: 65169 | E44: 89080 | F44: 58580 | G44: 55080 | H44: 53967 | I44: 14680 | J44: 30480 | K44: 7303 | L44: 24280 | M44: 50180 | N44: 62680 | P44: 13080 | Q44: 18617 | R44: 52080 | S44: 25580 | T44: 24280 | U44: 42980 | V44: 94180 | W44: 8095 | X44: 18356 | Y44: 18356 | Z44: 9526 | AA44: 26049 | AB44: 52628 | AC44: 47197 | AD44: 26737 | AE44: 30647 | AF44: 17473 | AG44: 31074 | AH44: 35116 | AI44: 60455
A45: TJY4 | B45: Airia Mall Gurg | C45: 0 | D45: 40652 | E45: 32374 | F45: 39550 | G45: 38752 | H45: 49013 | I45: 4377 | J45: 6274 | K45: 5505 | L45: 18687 | M45: 28238 | N45: 45569 | Q45: 2296 | R45: 4436 | S45: 20962 | T45: 18764 | U45: 25447 | V45: 13549 | W45: 2175 | X45: 6353 | Y45: 6353 | Z45: 5562 | AA45: 14698 | AB45: 48671 | AC45: 38441 | AD45: 14494 | AE45: 11342 | AF45: 13647 | AG45: 18699 | AH45: 19795 | AI45: 65881
A46: TXUT | B46: Vaishali | C46: 14655 | D46: 40005 | E46: 60098 | F46: 39382 | G46: 100468 | H46: 23427 | I46: 12062 | J46: 25788 | K46: 12302 | L46: 10807 | M46: 16008 | N46: 24527 | P46: 9867 | Q46: 15245 | R46: 43085 | S46: 10983 | T46: 21490 | U46: 14281 | V46: 47728 | W46: 7920 | X46: 7756 | Y46: 7756 | Z46: 23310 | AA46: 29299 | AB46: 26042 | AC46: 41811 | AD46: 7160 | AE46: 16267 | AF46: 18896 | AG46: 12012 | AH46: 38379 | AI46: 40669
A47: TXYT | B47: Good Earth
A48: TAUN | B48: Udaipur | C48: 13960 | D48: 35393 | E48: 29217 | F48: 18510 | G48: 7232 | H48: 12302 | I48: 0 | J48: 6159 | K48: 9963 | L48: 4239 | M48: 12714 | P48: 5574 | Q48: 9338 | R48: 6572 | S48: 2029 | T48: 15542 | U48: 28093 | V48: 25849 | W48: 2197 | X48: 5057 | Y48: 5057 | Z48: 4195 | AA48: 8389 | AB48: 20000 | AC48: 15377 | AD48: 7739 | AE48: 8107 | AF48: 11064 | AG48: 5999 | AH48: 9109 | AI48: 9354
A49: THE1 | B49: Elante Chandigarh | C49: 116625 | D49: 199466 | E49: 181064 | F49: 183853 | G49: 219444 | H49: 530348 | I49: 87371 | J49: 122764 | K49: 127765 | L49: 139794 | M49: 143052 | N49: 192306 | Q49: 59162 | R49: 87403 | S49: =92211 -> 92211 | T49: 152441 | U49: 282400 | V49: 181804 | W49: 27208 | X49: 70986 | Y49: 70986 | Z49: 118788 | AA49: 148836 | AB49: 187202 | AC49: 259406 | AD49: 95036 | AE49: 158583 | AF49: 120392 | AG49: 157402 | AH49: 107100 | AI49: 243281
A50: TF5T | B50: Pacific D21
A51: TXPH | B51: NH-1 Ambala store | C51: 19576 | D51: 10547 | E51: 33412 | F51: 47572 | G51: 29846 | H51: 36967 | I51: 4297 | J51: 9456 | K51: 24000 | L51: 11576 | M51: 16526 | N51: 4672 | P51: 3800 | Q51: 8865 | R51: 0 | S51: 2597 | T51: 4018 | U51: 11248 | V51: 23276 | W51: 3997 | X51: 9970 | Y51: 9970 | Z51: 10004 | AA51: 3269 | AB51: 12072 | AC51: 41946 | AD51: 2214 | AE51: 1798 | AF51: 11415 | AG51: 18830 | AH51: 12442 | AI51: 20028
A52: TXR2 | B52: Zirakpur | C52: 16057 | D52: 11038 | E52: 58869 | F52: 46940 | G52: 5286 | H52: 21527 | I52: 799 | J52: 6974 | K52: 8974 | L52: 6223 | M52: 18964 | N52: 13246 | P52: 8743 | Q52: 14442 | R52: 14604 | S52: 2697 | T52: 8141 | U52: 27484 | V52: 5808 | W52: 18517 | X52: 13749 | Y52: 13749 | Z52: 10022 | AA52: 2217 | AB52: 24076 | AC52: 33979 | AD52: 2874 | AE52: 21677 | AF52: 9164 | AG52: 19239 | AH52: 4537 | AI52: 9925
A53: T2DD | B53: CP-67 | C53: 32321 | D53: 84213 | E53: 113484 | F53: 131792 | G53: 41568 | H53: 85892 | I53: 35398 | J53: 12131 | K53: 37264 | L53: 52188 | M53: 38543 | N53: 64724 | P53: 36146 | Q53: 44312 | R53: 32228 | S53: 36094 | T53: 26613 | U53: 108064 | V53: 79229 | W53: 48651 | X53: 20237 | Y53: 20237 | Z53: 35746 | AA53: 20312 | AB53: 83413 | AC53: 105814 | AD53: 41403 | AE53: 32933 | AF53: 40483 | AG53: 53250 | AH53: 67905 | AI53: 76520
A54: TL60 | B54: Iris | C54: 19860 | D54: 11087 | E54: 41215 | F54: 18258 | G54: 14031 | H54: 11705 | I54: 2099 | J54: 6294 | K54: 7635 | L54: 2398 | Q54: 1196 | R54: 1899 | S54: 15501 | T54: 15943 | U54: 26277 | V54: 14908 | W54: 15147 | X54: 7683 | Y54: 7683 | Z54: 13410 | AA54: 16449 | AB54: 40092 | AC54: 23478 | AD54: 4005 | AE54: 5255 | AF54: 9491 | AG54: 21151 | AH54: 10868 | AI54: 11576
A55: T1MH | B55: Faridabad | C55: 41566 | D55: 111708 | E55: 22534 | F55: 50229 | G55: 35855 | H55: 47567 | I55: 6484 | J55: 6053 | K55: 11056 | L55: 67315 | M55: 64596 | N55: 13251 | P55: 8478 | Q55: 21116 | R55: 22594 | S55: 27258 | T55: 6913 | U55: 57245 | V55: 51409 | W55: 5793 | X55: 599 | Y55: 599 | Z55: 8150 | AA55: 10383 | AB55: 36461 | AC55: 34334 | AD55: 1000 | AE55: 22067 | AF55: 19239 | AG55: 21431 | AH55: 5589 | AI55: 42688
A56: TB6V | B56: Elegante | C56: 47992 | D56: 95532 | E56: 72724 | F56: 58070 | G56: 102502 | H56: 50848 | I56: 30876 | J56: 50798 | K56: 33627 | L56: 19923 | M56: 34824 | N56: 42813 | P56: 5402 | Q56: 49009 | R56: 9919 | S56: 14426 | T56: 34495 | U56: 82993 | V56: 65037 | W56: 88655 | X56: 25025 | Y56: 25025 | Z56: 28213 | AA56: 30102 | AB56: 74941 | AC56: 79442 | AD56: 44093 | AE56: 11113 | AF56: 45630 | AG56: 33662 | AH56: 34595 | AI56: 33309
A57: TBDE | B57: Dlf Summit Plaza | C57: 25834 | D57: 20017 | E57: 6576 | F57: 23150 | G57: 12001 | H57: 12236 | I57: 9235 | J57: 5868 | K57: 20725 | L57: 9146 | M57: 30184 | N57: 14553 | P57: 3198 | Q57: 6036 | R57: 8297 | S57: 18873 | T57: 14564 | U57: 52850 | V57: 25613 | W57: 7667 | X57: 5818 | Y57: 5818 | Z57: 9828 | AA57: 35426 | AB57: 31412 | AC57: 31212 | AD57: 18744 | AE57: 13688 | AF57: 899 | AG57: 26370 | AH57: 5438 | AI57: 52123
A58: TD9T | B58: Jodhpur | C58: 29833 | D58: 81449 | E58: 96411 | F58: 88706 | G58: 16352 | H58: 37678 | I58: 24297 | J58: 25137 | K58: 31071 | L58: 36908 | M58: 30287 | N58: 2746 | P58: 4236 | Q58: 43118 | R58: 10013 | S58: 12822 | T58: 40785 | U58: 30487 | V58: 53457 | W58: 25770 | X58: 25940 | Y58: 25940 | Z58: 32135 | AA58: 30356 | AB58: 14381 | AC58: 32093 | AD58: 36080 | AE58: 36080 | AF58: 30477 | AG58: 30080 | AH58: 26080 | AI58: 38180
A59: =TODAY()-7 -> 46284

Sheet 7PM
A1: Sale Report 7PM
H2: Attraction | K2: Retail + Attraction | N2: LOYALTY | Q2: LOYALTY
A3: Store Code | B3: Store Name | C3: Target | D3: Last Week | E3: This week | F3: WOW Sale | G3: Ach % | H3: Target | I3: This Week | J3: Ach % | K3: Target | L3: This Week | M3: Ach % | N3: LYSMD | O3: TYSMD | P3: Attach% | Q3: Loyalty | R3: NOB | S3: Ach % | SE3: 46058
A4: THE8 | B4: AVK Delhi | C4: =Retail!M35 -> 520994.28 | D4: =SUMIFS(C37:AM37,$C$36:$AM$36,"="&$A$59) -> 333960 | E4: 450292 | F4: =E4/D4-1 -> 0.34834112 | G4: =E4/C4 -> 0.86429355 | H4: =Attraction!G35 -> 13653.531 | I4: 8401 | J4: =I4/H4 -> 0.61529872 | K4: =C4+H4 -> 534647.81 | L4: =+E4+I4 -> 458693 | M4: =L4/K4 -> 0.85793487 | N4: =VLOOKUP(T1,'LFL 2024'!A2:C33,3,0) -> #N/A | O4: =AJ37 -> 0 | P4: =O4/N4-1 -> #N/A | S4: =Q4/R4*1 -> #DIV/0!
A5: THH2 | B5: Delhi Pacific | C5: =Retail!J35 -> 286734.48 | D5: =SUMIFS(C38:AM38,$C$36:$AM$36,"="&$A$59) -> 84133 | E5: 140976 | F5: =E5/D5-1 -> 0.67563263 | G5: =E5/C5 -> 0.49166044 | H5: =Attraction!E35 -> 18519.062 | I5: 14000 | J5: =I5/H5 -> 0.7559778 | K5: =C5+H5 -> 305253.54 | L5: =+E5+I5 -> 154976 | M5: =L5/K5 -> 0.507696 | N5: =VLOOKUP(T1,'LFL 2024'!A2:D33,4,0) -> #N/A | O5: =AJ38 -> 0 | P5: =O5/N5-1 -> #N/A | Q5: 13 | R5: 54 | S5: =Q5/R5*1 -> 0.24074074
A6: TAHY | B6: Worldmark | C6: =Retail!H35 -> 63851.172 | D6: =SUMIFS(C39:AM39,$C$36:$AM$36,"="&$A$59) -> 22020 | F6: =E6/D6-1 -> -1 | G6: =E6/C6 -> 0 | H6: =Attraction!B35 -> 100564.04 | J6: =I6/H6 -> 0 | K6: =C6+H6 -> 164415.21 | L6: =+E6+I6 -> 0 | M6: =L6/K6 -> 0 | N6: =VLOOKUP(T1,'LFL 2024'!A2:F33,5,0) -> #N/A | O6: =AJ39 -> 0 | P6: =O6/N6-1 -> #N/A | Q6: 3 | R6: 21 | S6: =Q6/R6*1 -> 0.14285714
A7: THH3 | B7: Delhi Selectcity | C7: =Retail!K35 -> 392222.7 | D7: =SUMIFS(C40:AM40,$C$36:$AM$36,"="&$A$59) -> 368242 | E7: 315959 | F7: =E7/D7-1 -> -0.14198 | G7: =E7/C7 -> 0.80556021 | K7: =C7+H7 -> 392222.7 | L7: =+E7+I7 -> 315959 | M7: =L7/K7 -> 0.80556021 | N7: =VLOOKUP(T1,'LFL 2024'!A2:G33,6,0) -> #N/A | O7: =AJ40 -> 0 | P7: =O7/N7-1 -> #N/A | Q7: 18 | R7: 100 | S7: =Q7/R7*1 -> 0.18
A8: TLX5 | B8: Vegas Dwarka | C8: =Retail!L35 -> 176136.03 | D8: =SUMIFS(C41:AM41,$C$36:$AM$36,"="&$A$59) -> 129904 | E8: 361821 | F8: =E8/D8-1 -> 1.7852953 | G8: =E8/C8 -> 2.0542134 | H8: =Attraction!D35 -> 11996.078 | I8: 6650 | J8: =I8/H8 -> 0.55434784 | K8: =C8+H8 -> 188132.11 | L8: =+E8+I8 -> 368471 | M8: =L8/K8 -> 1.9585758 | N8: =VLOOKUP(T1,'LFL 2024'!A2:H33,7,0) -> #N/A | O8: =AJ41 -> 0 | P8: =O8/N8-1 -> #N/A | Q8: 12 | R8: 66 | S8: =Q8/R8*1 -> 0.18181818
A9: THF9 | B9: Amb Gurg Delhi | C9: =Retail!B35 -> 480133.83 | D9: =SUMIFS(C42:AM42,$C$36:$AM$36,"="&$A$59) -> 449241 | E9: 300542 | F9: =E9/D9-1 -> -0.33100051 | G9: =E9/C9 -> 0.62595464 | K9: =C9+H9 -> 480133.83 | L9: =+E9+I9 -> 300542 | M9: =L9/K9 -> 0.62595464 | N9: =VLOOKUP(T1,'LFL 2024'!A2:I33,8,0) -> #N/A | O9: =AJ42 -> 0 | P9: =O9/N9-1 -> #N/A | Q9: 26 | R9: 109 | S9: =Q9/R9*1 -> 0.23853211
A10: THI7 | B10: WTP Jaipur | C10: =Retail!F35 -> 190041.27 | D10: =SUMIFS(C43:AM43,$C$36:$AM$36,"="&$A$59) -> 114385 | E10: 84865 | F10: =E10/D10-1 -> -0.2580758 | G10: =E10/C10 -> 0.44656089 | K10: =C10+H10 -> 190041.27 | L10: =+E10+I10 -> 84865 | M10: =L10/K10 -> 0.44656089 | N10: =VLOOKUP(T1,'LFL 2024'!A2:J33,9,0) -> #N/A | O10: =AJ43 -> 0 | P10: =O10/N10-1 -> #N/A | Q10: 4 | R10: 42 | S10: =Q10/R10*1 -> 0.095238095
A11: THM0 | B11: Ardee Mall, Gurgaon | C11: =Retail!C35 -> 174186.13 | D11: =SUMIFS(C44:AM44,$C$36:$AM$36,"="&$A$59) -> 110564 | E11: 102367 | F11: =E11/D11-1 -> -0.074138056 | G11: =E11/C11 -> 0.58768745 | K11: =C11+H11 -> 174186.13 | L11: =+E11+I11 -> 102367 | M11: =L11/K11 -> 0.58768745 | N11: =VLOOKUP(T1,'LFL 2024'!A2:K33,10,0) -> #N/A | O11: =AJ44 -> 0 | P11: =O11/N11-1 -> #N/A | Q11: 5 | R11: 37 | S11: =Q11/R11*1 -> 0.13513514
A12: TJY4 | B12: Airia Mall Gurg | C12: =Retail!D35 -> 108239.76 | D12: =SUMIFS(C45:AM45,$C$36:$AM$36,"="&$A$59) -> 63636 | E12: 91779 | F12: =E12/D12-1 -> 0.44224967 | G12: =E12/C12 -> 0.8479232 | K12: =C12+H12 -> 108239.76 | L12: =+E12+I12 -> 91779 | M12: =L12/K12 -> 0.8479232 | N12: =VLOOKUP(T1,'LFL 2024'!A2:L33,11,0) -> #N/A | O12: =AJ45 -> 0 | P12: =O12/N12-1 -> #N/A | Q12: 1 | R12: 54 | S12: =Q12/R12*1 -> 0.018518519
A13: TXUT | B13: Vaishali | C13: =Retail!G35 -> 93298.933 | D13: =SUMIFS(C46:AM46,$C$36:$AM$36,"="&$A$59) -> 28684 | E13: 55011 | F13: =E13/D13-1 -> 0.91782875 | G13: =E13/C13 -> 0.58962089 | K13: =C13+H13 -> 93298.933 | L13: =+E13+I13 -> 55011 | M13: =L13/K13 -> 0.58962089 | N13: =VLOOKUP(T1,'LFL 2024'!A2:M33,12,0) -> #N/A | O13: =AJ46 -> 0 | P13: =O13/N13-1 -> #N/A | Q13: 0 | R13: 10 | S13: =Q13/R13*1 -> 0
A14: TXYT | B14: Good Earth | D14: =SUMIFS(C47:AM47,$C$36:$AM$36,"="&$A$59) -> 0 | F14: =E14/D14-1 -> #DIV/0! | G14: =E14/C14 -> #DIV/0! | K14: =C14+H14 -> 0 | L14: =+E14+I14 -> 0 | M14: =L14/K14 -> #DIV/0! | N14: =VLOOKUP(T1,'LFL 2024'!A2:N33,13,0) -> #N/A | O14: =AJ47 -> 0 | P14: =O14/N14-1 -> #N/A | S14: =Q14/R14*1 -> #DIV/0!
A15: TAUN | B15: Udaipur | C15: =Retail!I35 -> 75609.562 | D15: =SUMIFS(C48:AM48,$C$36:$AM$36,"="&$A$59) -> 30864 | F15: =E15/D15-1 -> -1 | G15: =E15/C15 -> 0 | H15: =Attraction!C35 -> 4391.1341 | J15: =I15/H15 -> 0 | K15: =C15+H15 -> 80000.696 | L15: =+E15+I15 -> 0 | M15: =L15/K15 -> 0 | N15: =VLOOKUP(T1,'LFL 2024'!A2:O33,14,0) -> #N/A | O15: =AJ48 -> 0 | P15: =O15/N15-1 -> #N/A | Q15: 3 | R15: 22 | S15: =Q15/R15*1 -> 0.13636364
A16: THE1 | B16: Elante Chandigarh | C16: =Retail!N35 -> 478539.4 | D16: =SUMIFS(C49:AM49,$C$36:$AM$36,"="&$A$59) -> 266450 | E16: 350784 | F16: =E16/D16-1 -> 0.31650966 | G16: =E16/C16 -> 0.73303055 | H16: =Attraction!F35 -> 86995.04 | I16: =70368+15081+6000 -> 91449 | J16: =I16/H16 -> 1.0511979 | K16: =C16+H16 -> 565534.44 | L16: =+E16+I16 -> 442233 | M16: =L16/K16 -> 0.7819736 | N16: =VLOOKUP(T1,'LFL 2024'!A2:P33,15,0) -> #N/A | O16: =AJ49 -> 0 | P16: =O16/N16-1 -> #N/A | Q16: 26 | R16: 166 | S16: =Q16/R16*1 -> 0.15662651
A17: TF5T | B17: Pacific D21 | C17: 0 | D17: =SUMIFS(C50:AM50,$C$36:$AM$36,"="&$A$59) -> 0 | F17: =E17/D17-1 -> #DIV/0! | G17: =E17/C17 -> #DIV/0! | K17: =C17+H17 -> 0 | L17: =+E17+I17 -> 0 | M17: =L17/K17 -> #DIV/0! | N17: =VLOOKUP(T1,'LFL 2024'!A2:Q33,16,0) -> #N/A | O17: =AJ50 -> 0 | P17: =O17/N17-1 -> #N/A | S17: =Q17/R17*1 -> #DIV/0!
A18: TXPH | B18: NH-1 Ambala store | C18: =Retail!P35 -> 52418.276 | D18: =SUMIFS(C51:AM51,$C$36:$AM$36,"="&$A$59) -> 22326 | E18: 29221 | F18: =E18/D18-1 -> 0.30883275 | G18: =E18/C18 -> 0.55745824 | K18: =C18+H18 -> 52418.276 | L18: =+E18+I18 -> 29221 | M18: =L18/K18 -> 0.55745824 | N18: =VLOOKUP(T1,'LFL 2024'!A2:R33,17,0) -> #N/A | O18: =AJ51 -> 0 | P18: =O18/N18-1 -> #N/A | Q18: 4 | R18: 12 | S18: =Q18/R18*1 -> 0.33333333
A19: TXR2 | B19: Zirakpur | C19: =Retail!Q35 -> 50054.432 | D19: =SUMIFS(C52:AM52,$C$36:$AM$36,"="&$A$59) -> 24076 | E19: 12251 | F19: =E19/D19-1 -> -0.49115302 | G19: =E19/C19 -> 0.24475355 | K19: =C19+H19 -> 50054.432 | L19: =+E19+I19 -> 12251 | M19: =L19/K19 -> 0.24475355 | N19: =VLOOKUP(T1,'LFL 2024'!A2:S33,18,0) -> #N/A | O19: =AJ52 -> 0 | P19: =O19/N19-1 -> #N/A | Q19: 2 | R19: 17 | S19: =Q19/R19*1 -> 0.11764706
A20: T2DD | B20: CP-67 | C20: =Retail!R35 -> 173176.09 | D20: =SUMIFS(C53:AM53,$C$36:$AM$36,"="&$A$59) -> 117745 | E20: 119707 | F20: =E20/D20-1 -> 0.016663128 | G20: =E20/C20 -> 0.69124437 | H20: =Attraction!H35 -> 37671.355 | I20: 41236 | J20: =I20/H20 -> 1.0946248 | K20: =C20+H20 -> 210847.45 | L20: =+E20+I20 -> 160943 | M20: =L20/K20 -> 0.76331491 | N20: =VLOOKUP(T1,'LFL 2024'!A2:T33,19,0) -> #N/A | O20: =AJ53 -> 0 | P20: =O20/N20-1 -> #N/A | Q20: 20 | R20: 71 | S20: =Q20/R20*1 -> 0.28169014
A21: TL60 | B21: Iris | C21: =Retail!S35 -> 69239.832 | D21: =SUMIFS(C54:AM54,$C$36:$AM$36,"="&$A$59) -> 41929 | E21: 32405 | F21: =E21/D21-1 -> -0.22714589 | G21: =E21/C21 -> 0.46801096 | K21: =C21+H21 -> 69239.832 | L21: =+E21+I21 -> 32405 | M21: =L21/K21 -> 0.46801096 | N21: =VLOOKUP(T1,'LFL 2024'!A2:U33,20,0) -> #N/A | O21: =AJ54 -> 0 | P21: =O21/N21-1 -> #N/A | Q21: 3 | R21: 19 | S21: =Q21/R21*1 -> 0.15789474
A22: T1MH | B22: Faridabad | C22: =Retail!T35 -> 118798.39 | D22: =SUMIFS(C55:AM55,$C$36:$AM$36,"="&$A$59) -> 57676 | F22: =E22/D22-1 -> -1 | G22: =E22/C22 -> 0 | K22: =C22+H22 -> 118798.39 | L22: =+E22+I22 -> 0 | M22: =L22/K22 -> 0 | N22: =VLOOKUP(T2,'LFL 2024'!A3:U34,20,0) -> #N/A | O22: =AJ55 -> 0 | P22: =O22/N22-1 -> #N/A | Q22: 9 | R22: 39 | S22: =Q22/R22*1 -> 0.23076923
A23: TB6V | B23: Elegante | C23: =Retail!U35 -> 187326.31 | D23: =SUMIFS(C56:AM56,$C$36:$AM$36,"="&$A$59) -> 121960 | F23: =E23/D23-1 -> -1 | G23: =E23/C23 -> 0 | K23: =C23+H23 -> 187326.31 | L23: =+E23+I23 -> 0 | M23: =L23/K23 -> 0 | N23: =VLOOKUP(T1,'LFL 2024'!A2:V33,21,0) -> #N/A | O23: =AJ56 -> 0 | P23: =O23/N23-1 -> #N/A | Q23: 7 | R23: 55 | S23: =Q23/R23*1 -> 0.12727273
A24: TBDE | B24: Dlf Summit Plaza | C24: =Retail!V35 -> 157216.41 | D24: =SUMIFS(C57:AM57,$C$36:$AM$36,"="&$A$59) -> 38706 | E24: 90146 | F24: =E24/D24-1 -> 1.3289929 | G24: =E24/C24 -> 0.57338799 | K24: =C24+H24 -> 157216.41 | L24: =+E24+I24 -> 90146 | M24: =L24/K24 -> 0.57338799
A25: TD9T | B25: Jodhpur | C25: =Retail!W35 -> 138746.39 | D25: =SUMIFS(C58:AM58,$C$36:$AM$36,"="&$A$59) -> 26434 | E25: 47557 | F25: =E25/D25-1 -> 0.79908451 | G25: =E25/C25 -> 0.34276207 | K25: =C25+H25 -> 138746.39 | L25: =+E25+I25 -> 47557 | M25: =L25/K25 -> 0.34276207
C26: =SUM(C4:C25) -> 3986963.7 | D26: =SUM(D4:D25) -> 2452935 | E26: =SUM(E4:E25) -> 2585683 | F26: =E26/D26-1 -> 0.054118026 | G26: =E26/C26 -> 0.64853438 | H26: =SUM(H4:H24) -> 273790.24 | I26: =SUM(I4:I24) -> 161736 | J26: =I26/H26 -> 0.5907296 | K26: =SUM(K4:K25) -> 4260753.9 | L26: =SUM(L4:L25) -> 2747419 | M26: =L26/K26 -> 0.64481992 | N26: =SUM(N4:N23) -> #N/A | O26: =SUM(O4:O23) -> 0 | P26: =O26/N26-1 -> #N/A | Q26: =SUM(Q4:Q23) -> 156 | R26: =SUM(R4:R23) -> 894 | S26: =Q26/R26*1 -> 0.17449664
C28: Target | D28: Last Week | E28: This Week | F28: WOW | G28: Ach% | H28: Target | I28: This Week | J28: Ach % | K28: Target | L28: This Week | M28: Ach % | N28: NOB | O28: Loyalty | P28: Attach% | Q28: Loyalty | R28: Red Card | S28: Ach %
B29: Ajay | C29: =+C4+C20+C10+C13+C15+C25 -> 1191866.5 | D29: =+D4+D20+D10+D13+D15+D25 -> 652072 | E29: =+E4+E20+E10+E13+E15+E25 -> 757432 | F29: =E29/D29-1 -> 0.16157725 | G29: =+E29/C29 -> 0.63550068 | H29: =+H4+H20+H15 -> 55716.02 | I29: =+I4+I20+I10+I13+I15 -> 49637 | J29: =I29/H29 -> 0.89089279 | K29: =+K4+K20+K10+K13+K15+K25 -> 1247582.6 | L29: =+L4+L20+L10+L13+L15+L25 -> 807069 | M29: =L29/K29 -> 0.64690629 | N29: =+N4+N20 -> #N/A | O29: =+O4+O20 -> 0 | P29: =O29/N29 -> #N/A | Q29: =+Q4+Q20 -> 20 | R29: =+R4+R20 -> 71 | S29: =Q29/R29*1 -> 0.28169014
B30: Shashank | C30: 0 | D30: 0 | E30: 0 | F30: =E30/D30-1 -> #DIV/0! | G30: =+E30/C30 -> #DIV/0! | H30: =+H10+H13 -> 0 | I30: 0 | J30: =I30/H30 -> #DIV/0! | K30: 0 | L30: 0 | M30: =L30/K30 -> #DIV/0! | N30: =+N10+N13+N15 -> #N/A | O30: =+O10+O13+O15 -> 0 | P30: =O30/N30 -> #N/A | Q30: =+Q5+Q21 -> 16 | R30: =+R5+R21 -> 73 | S30: =Q30/R30*1 -> 0.21917808
B31: Param | C31: =+C11+C9+C12+C6+C14+C21+C22+C24 -> 1171665.5 | D31: =+D11+D9+D12+D6+D14+D21+D22+D24 -> 783772 | E31: =+E11+E9+E12+E6+E14+E21+E22+E24 -> 617239 | F31: =E31/D31-1 -> -0.21247633 | G31: =+E31/C31 -> 0.52680479 | H31: =H11+H9+H12+H6+H14+H21+H22+H24 -> 100564.04 | I31: =I11+I9+I12+I6+I14+I21+I22+I24 -> 0 | J31: =I31/H31 -> 0 | K31: =K11+K9+K12+K6+K14+K21+K22+K24 -> 1272229.6 | L31: =L11+L9+L12+L6+L14+L21+L22+L24 -> 617239 | M31: =L31/K31 -> 0.48516323 | N31: =+N11+N9+N12+N6+N14+N21 -> #N/A | O31: =+O11+O9+O12+O6+O14+O21 -> 0 | P31: =O31/N31 -> #N/A | Q31: =+Q6+Q22 -> 12 | R31: =+R6+R22 -> 60 | S31: =Q31/R31*1 -> 0.2
B32: Harsh | C32: =+C5+C7+C8+C19+C17+C18+C16+C23 -> 1623431.6 | D32: =+D5+D7+D8+D19+D17+D18+D16+D23 -> 1017091 | E32: =+E5+E7+E8+E19+E17+E18+E16+E23 -> 1211012 | F32: =E32/D32-1 -> 0.19066239 | G32: =+E32/C32 -> 0.74595812 | H32: =+H5+H8+H16 -> 117510.18 | I32: =+I5+I7+I8+I19+I18+I17+I16+I23 -> 112099 | J32: =I32/H32 -> 0.95395139 | K32: =+K5+K7+K8+K19+K18+K17+K16+K23 -> 1740941.8 | L32: =+L5+L7+L8+L19+L18+L17+L16+L23 -> 1323111 | M32: =L32/K32 -> 0.75999726 | N32: =+N5+N7+N8+N19+N18+N17+N16+N23 -> #N/A | O32: =+O5+O7+O8+O19+O18+O17+O16+O23 -> 0 | P32: =O32/N32 -> #N/A | Q32: =+Q7+Q23 -> 25 | R32: =+R7+R23 -> 155 | S32: =Q32/R32*1 -> 0.16129032
C33: =SUM(C29:C32) -> 3986963.7 | D33: =SUM(D29:D32) -> 2452935 | E33: =SUM(E29:E32) -> 2585683 | F33: =E33/D33-1 -> 0.054118026 | G33: =+E33/C33 -> 0.64853438 | H33: =SUM(H29:H32) -> 273790.24 | I33: =SUM(I29:I32) -> 161736 | J33: =I33/H33 -> 0.5907296 | K33: =SUM(K29:K32) -> 4260753.9 | L33: =SUM(L29:L32) -> 2747419 | M33: =L33/K33 -> 0.64481992 | N33: =SUM(N29:N32) -> #N/A | O33: =SUM(O29:O32) -> 0 | P33: =O33/N33 -> #N/A | Q33: =SUM(Q29:Q32) -> 73 | R33: =SUM(R29:R32) -> 359 | S33: =+Q33/R33 -> 0.20334262
A36: Store Code | B36: Store Name | C36: 46259 | D36: =C36+1 -> 46260 | E36: =D36+1 -> 46261 | F36: =E36+1 -> 46262 | G36: =F36+1 -> 46263 | H36: =G36+1 -> 46264 | I36: =H36+1 -> 46265 | J36: =I36+1 -> 46266 | K36: =J36+1 -> 46267 | ... AP36: =AO36+1 -> 46298
A37: THE8 | B37: AVK Delhi | C37: 226258 | D37: 277580 | E37: 371875 | F37: 350510 | G37: 386304 | H37: 439607 | I37: 128034 | J37: 154783 | K37: 149426 | L37: 261489 | M37: 146170 | N37: 344085 | P37: 110994 | Q37: 65166 | R37: 180568 | S37: 171261 | T37: 205049 | U37: 467207 | V37: 385764 | W37: 169342 | X37: 217460 | Y37: 150861 | Z37: 180950 | AA37: 425028 | AB37: 333960 | AC37: 423099 | AE37: 108229 | AF37: 133290 | AG37: 203028
A38: THH2 | B38: Delhi Pacific | C38: 57799 | D38: 191145 | E38: 202912 | F38: 99132 | G38: 132109 | H38: 127364 | I38: 44440 | J38: 108143 | K38: 75563 | L38: 83397 | M38: 42672 | N38: 48586 | P38: 55320 | Q38: 27029 | R38: 68438 | S38: 15252 | T38: 46829 | U38: 90571 | V38: 148378 | X38: 31226 | Y38: 46255 | Z38: 83721 | AA38: 53113 | AB38: 84133 | AC38: 154462 | AE38: 85236 | AF38: 55442 | AG38: 57764
A39: TAHY | B39: Worldmark | C39: 28279 | D39: 22998 | E39: 50869 | F39: 30607 | G39: 24354 | H39: 54258 | I39: 8086 | J39: 9645 | K39: 5168 | L39: 6065 | M39: 24734 | N39: 35389 | P39: 8496 | Q39: 1048 | R39: 9104 | S39: 5741 | T39: 5480 | U39: 11538 | V39: 22720 | W39: 14172 | X39: 32446 | Y39: 9770 | Z39: 12194 | AA39: 16440 | AB39: 22020 | AC39: 48373 | AE39: 0 | AF39: 11501 | AG39: 16697
A40: THH3 | B40: Delhi Selectcity | C40: 182288 | D40: 369370 | E40: 248272 | F40: 296224 | G40: 359084 | H40: 326193 | I40: 99587 | J40: 83960 | K40: 50302 | L40: 133153 | M40: 130505 | N40: 349780 | P40: 68545 | Q40: 72224 | R40: 101521 | S40: 167561 | T40: 122689 | U40: 142796 | V40: 256995 | W40: 123928 | X40: 76172 | Y40: 156157 | Z40: 112758 | AA40: 77313 | AB40: 368242 | AC40: 304668 | AE40: 181529 | AF40: 143928 | AG40: 134378
A41: TLX5 | B41: Vegas Dwarka | C41: 56777 | D41: 116197 | E41: 103763 | F41: 110567 | G41: 71367 | H41: 114535 | I41: 25953 | J41: 55961 | K41: 54990 | L41: 40785 | M41: 37036 | N41: 142167 | P41: 37125 | Q41: 18978 | R41: 65287 | S41: 42025 | T41: 96100 | U41: 189720 | V41: 147124 | W41: 31102 | X41: 45001 | Y41: 29730 | Z41: 37034 | AA41: 56327 | AB41: 129904 | AC41: 149083 | AE41: 76420 | AF41: 55230 | AG41: 90464
A42: THF9 | B42: Amb Gurg Delhi | C42: 250112 | D42: 236449 | E42: 401066 | F42: 336916 | G42: 480207 | H42: 727037 | I42: 110233 | J42: 167844 | K42: 64361 | L42: 123050 | M42: 134504 | N42: 202285 | P42: 97567 | Q42: 81864 | R42: 56438 | S42: 95536 | T42: 144387 | U42: 315444 | V42: 245907 | W42: 126752 | X42: 84790 | Y42: 149803 | Z42: 109582 | AA42: 245352 | AB42: 449241 | AC42: 312288 | AE42: 147184 | AF42: 166607 | AG42: 182095
A43: THI7 | B43: WTP Jaipur | C43: 81379 | D43: 134351 | E43: 179844 | F43: 122753 | G43: 156042 | H43: 120980 | I43: 32302 | J43: 19680 | K43: 55141 | L43: 45561 | M43: 41570 | N43: 59471 | P43: 58031 | Q43: 19345 | R43: 54890 | S43: 50780 | T43: 57324 | U43: 72034 | V43: 51590 | X43: 50790 | Y43: 16324 | Z43: 31420 | AA43: 21714 | AB43: 114385 | AC43: 117511 | AE43: 26577 | AF43: 54998 | AG43: 58885
A44: THM0 | B44: Ardee Mall, Gurgaon | C44: 48880 | D44: 118701 | E44: 122980 | F44: 76780 | G44: 75080 | H44: 85329 | I44: 23580 | J44: 35380 | K44: 24582 | L44: 36780 | M44: 67280 | N44: 94080 | P44: 24980 | Q44: 28980 | R44: 52080 | S44: 30073 | T44: 30580 | U44: 60080 | V44: 136780 | W44: 18080 | X44: 22680 | Y44: 32052 | Z44: 15952 | AA44: 31984 | AB44: 110564 | AC44: 62356 | AE44: 40882 | AF44: 19736 | AG44: 38108
A45: TJY4 | B45: Airia Mall Gurg | C45: 25968 | D45: 67887 | E45: 53913 | F45: 55866 | G45: 50716 | H45: 78663 | I45: 6295 | J45: 10243 | K45: 18792 | M45: 30296 | N45: 59778 | P45: 2916 | Q45: 3115 | R45: 14239 | S45: 20962 | T45: 20210 | U45: 38783 | V45: 23961 | W45: 5173 | X45: 57201 | Y45: 9650 | Z45: 17775 | AA45: 22030 | AB45: 63636 | AC45: 52091 | AE45: 13760 | AF45: 15266 | AG45: 28007
A46: TXUT | B46: Vaishali | C46: 32976 | D46: 72316 | E46: 69066 | F46: 52900 | G46: 116514 | H46: 78665 | I46: 14561 | J46: 37803 | K46: 15316 | L46: 59804 | M46: 32594 | N46: 29589 | P46: 23070 | Q46: 32294 | R46: 47314 | S46: 12881 | T46: 40266 | U46: 17177 | V46: 69896 | W46: 13446 | X46: 20938 | Y46: 24565 | Z46: 36887 | AA46: 40489 | AB46: 28684 | AC46: 50746 | AE46: 39876 | AF46: 19795 | AG46: 29930
A47: TXYT | B47: Good Earth
A48: TAUN | B48: Udaipur | C48: 13960 | D48: 38242 | E48: 29217 | F48: 22369 | G48: 37856 | H48: 40904 | I48: 8000 | J48: 9338 | K48: 15724 | L48: 10239 | M48: 15000 | N48: 8329 | P48: 18233 | Q48: 10037 | R48: 10838 | S48: 2029 | T48: 38809 | U48: 30590 | V48: 49632 | W48: 10000 | X48: 10623 | Y48: 6150 | Z48: 7035 | AA48: 15484 | AB48: 30864 | AC48: 20500 | AE48: 9752 | AF48: 18297 | AG48: 6197
A49: THE1 | B49: Elante Chandigarh | C49: 171971 | D49: 282672 | E49: 282875 | F49: 312131 | G49: 406847 | H49: 696914 | I49: 135924 | J49: 138480 | K49: 132523 | L49: 124426 | M49: 202716 | N49: 192306 | P49: 86699 | Q49: 133836 | R49: 155002 | S49: 125721 | T49: 230756 | U49: 365110 | V49: 284390 | W49: 47270 | X49: 131799 | Y49: 112496 | Z49: 166875 | AA49: 176130 | AB49: 266450 | AC49: 380581 | AE49: 200824 | AF49: 189730 | AG49: 216141
A50: TF5T | B50: Pacific D21
A51: TXPH | B51: NH-1 Ambala store | C51: 20067 | D51: 17723 | E51: 51108 | F51: 64088 | G51: 40737 | H51: 43967 | I51: 4297 | J51: 10122 | K51: 25412 | L51: 11855 | M51: 26227 | N51: 5771 | P51: 10666 | Q51: 8865 | R51: 4096 | S51: 3537 | T51: 6665 | U51: 19670 | V51: 32476 | W51: 35742 | X51: 16608 | Y51: 9970 | Z51: 13557 | AA51: 4369 | AB51: 22326 | AC51: 44893 | AE51: 6180 | AF51: 15909 | AG51: 27236
A52: TXR2 | B52: Zirakpur | C52: 16896 | D52: 12960 | E52: 88159 | F52: 54246 | G52: 20571 | H52: 23205 | I52: 799 | J52: 8072 | K52: 9236 | L52: 13820 | M52: 26009 | N52: 16333 | P52: 12991 | Q52: 15389 | R52: 14604 | S52: 10882 | T52: 9739 | U52: 31791 | V52: 24471 | W52: 31251 | X52: 9241 | Y52: 13839 | Z52: 12969 | AA52: 5253 | AB52: 24076 | AC52: 48691 | AE52: 25384 | AF52: 15245 | AG52: 26974
A53: T2DD | B53: CP-67 | C53: 56463 | D53: 126073 | E53: 136886 | F53: 178087 | G53: 60848 | H53: 129923 | I53: 50839 | J53: 28133 | K53: 82282 | L53: 61798 | M53: 68932 | N53: 83353 | P53: 44411 | Q53: 60091 | R53: 56736 | S53: 46551 | T53: 67287 | U53: 137769 | V53: 136435 | W53: 65179 | X53: 53405 | Y53: 43257 | Z53: 50624 | AA53: 46203 | AB53: 117745 | AC53: 138242 | AE53: 45212 | AF53: 60562 | AG53: 87030
A54: TL60 | B54: Iris | C54: 19860 | D54: 26066 | E54: 66390 | F54: 27565 | G54: 19664 | H54: 19072 | I54: 5118 | J54: 8178 | K54: 18005 | L54: 5816 | M54: 5682 | N54: 13246 | P54: 1597 | Q54: 2605 | R54: 3199 | S54: 18000 | T54: 15943 | U54: 30514 | V54: 16207 | W54: 15147 | X54: 9267 | Y54: 7683 | Z54: 19002 | AA54: 19712 | AB54: 41929 | AC54: 33958 | AE54: 5255 | AF54: 11289 | AG54: 22450
A55: T1MH | B55: Faridabad | C55: 76342 | D55: 120560 | E55: 32270 | F55: 77406 | G55: 49364 | H55: 61417 | I55: 14494 | J55: 27951 | K55: 13755 | L55: 67315 | M55: 73391 | N55: 21221 | P55: 10088 | Q55: 22564 | R55: 24326 | S55: 34743 | T55: 16867 | U55: 75075 | V55: 87672 | X55: 22346 | Y55: 4197 | Z55: 12159 | AA55: 10383 | AB55: 57676 | AC55: 63872 | AE55: 24044 | AF55: 19239 | AG55: 25005
A56: TB6V | B56: Elegante | C56: 68900 | D56: 203051 | E56: 160624 | F56: 117583 | G56: 136563 | H56: 115741 | I56: 61743 | J56: 57257 | K56: 37013 | L56: 48137 | M56: 46614 | N56: 88035 | P56: 24893 | Q56: 67954 | R56: 25844 | S56: 14426 | T56: 59969 | U56: 106802 | V56: 119619 | W56: 104485 | X56: 29691 | Y56: 68584 | Z56: 38627 | AA56: 52943 | AB56: 121960 | AC56: 109058 | AE56: 28753 | AF56: 79384 | AG56: 47569
A57: TBDE | B57: Dlf Summit Plaza | C57: 35122 | D57: 40218 | E57: 49578 | F57: 33314 | G57: 24356 | H57: 36676 | I57: 9235 | J57: 17660 | K57: 24261 | L57: 24591 | M57: 49095 | N57: 35461 | P57: 3797 | Q57: 8655 | R57: 17333 | S57: 30725 | T57: 23443 | U57: 68921 | V57: 59324 | W57: 19281 | X57: 14211 | Y57: 6697 | Z57: 26753 | AA57: 47928 | AB57: 38706 | AC57: 57014 | AE57: 18246 | AF57: 2753 | AG57: 33229
A58: TD9T | B58: Jodhpur | C58: 34849 | D58: 107957 | E58: 125328 | F58: 104122 | G58: 52346 | H58: 49916 | I58: 29894 | J58: 56633 | K58: 43247 | L58: 50291 | N58: 2746 | P58: 4236 | Q58: 43118 | R58: 31086 | S58: 22410 | T58: 130246 | U58: 49481 | V58: 75769 | W58: 34647 | X58: 72748 | Y58: 25940 | Z58: 42784 | AA58: 60477 | AB58: 26434 | AC58: 62780 | AE58: 40080 | AF58: 32849 | AG58: 55580
A59: =TODAY()-7 -> 46284

Sheet 9PM
A1: Sale Report 9PM | T1: =TODAY() -> 46291
H2: Attraction | K2: Retail + Attraction
A3: Store Code | B3: Store Name | C3: Target | D3: Last Week | E3: This week | F3: WOW Sale | G3: Ach % | H3: Target | I3: This Week | J3: Ach % | K3: Target | L3: This Week | M3: Ach % | N3: LYSMD | O3: TYSMD | P3: Attach% | Q3: 10K Bills | R3: Trolley
A4: THE8 | B4: AVK Delhi | C4: =Retail!M35 -> 520994.28 | D4: =SUMIFS(C34:AM34,$C$33:$AM$33,"="&$A$53) -> 0 | F4: =E4/D4-1 -> #DIV/0! | G4: =E4/C4 -> 0 | H4: =Attraction!G35 -> 13653.531 | J4: =I4/H4 -> 0 | K4: =C4+H4 -> 534647.81 | L4: =E4+I4 -> 0 | M4: =L4/K4 -> 0 | N4: =VLOOKUP(T1,'LFL 2024'!A2:C33,3,0) -> #N/A | O4: =E4 -> 0 | P4: =O4/N4-1 -> #N/A
A5: THH2 | B5: Delhi Pacific | C5: =Retail!J35 -> 286734.48 | D5: =SUMIFS(C35:AM35,$C$33:$AM$33,"="&$A$53) -> 0 | F5: =E5/D5-1 -> #DIV/0! | G5: =E5/C5 -> 0 | H5: =Attraction!E35 -> 18519.062 | J5: =I5/H5 -> 0 | K5: =C5+H5 -> 305253.54 | L5: =E5+I5 -> 0 | M5: =L5/K5 -> 0 | N5: =VLOOKUP(T1,'LFL 2024'!A2:D33,4,0) -> #N/A | O5: =E5 -> 0 | P5: =O5/N5-1 -> #N/A
A6: TAHY | B6: Worldmark | C6: =Retail!H35 -> 63851.172 | D6: =SUMIFS(C36:AM36,$C$33:$AM$33,"="&$A$53) -> 0 | F6: =E6/D6-1 -> #DIV/0! | G6: =E6/C6 -> 0 | H6: =Attraction!B35 -> 100564.04 | J6: =I6/H6 -> 0 | K6: =C6+H6 -> 164415.21 | L6: =E6+I6 -> 0 | M6: =L6/K6 -> 0 | N6: =VLOOKUP(T1,'LFL 2024'!A2:F33,5,0) -> #N/A | O6: =E6 -> 0 | P6: =O6/N6-1 -> #N/A
A7: THH3 | B7: Delhi Selectcity | C7: =Retail!K35 -> 392222.7 | D7: =SUMIFS(C37:AM37,$C$33:$AM$33,"="&$A$53) -> 0 | F7: =E7/D7-1 -> #DIV/0! | G7: =E7/C7 -> 0 | K7: =C7+H7 -> 392222.7 | L7: =E7+I7 -> 0 | M7: =L7/K7 -> 0 | N7: =VLOOKUP(T1,'LFL 2024'!A2:G33,6,0) -> #N/A | O7: =E7 -> 0 | P7: =O7/N7-1 -> #N/A
A8: TLX5 | B8: Vegas Dwarka | C8: =Retail!L35 -> 176136.03 | D8: =SUMIFS(C38:AM38,$C$33:$AM$33,"="&$A$53) -> 0 | F8: =E8/D8-1 -> #DIV/0! | G8: =E8/C8 -> 0 | H8: =Attraction!D35 -> 11996.078 | J8: =I8/H8 -> 0 | K8: =C8+H8 -> 188132.11 | L8: =E8+I8 -> 0 | M8: =L8/K8 -> 0 | N8: =VLOOKUP(T1,'LFL 2024'!A2:H33,7,0) -> #N/A | O8: =E8 -> 0 | P8: =O8/N8-1 -> #N/A
A9: THF9 | B9: Amb Gurg Delhi | C9: =Retail!B35 -> 480133.83 | D9: =SUMIFS(C39:AM39,$C$33:$AM$33,"="&$A$53) -> 0 | F9: =E9/D9-1 -> #DIV/0! | G9: =E9/C9 -> 0 | K9: =C9+H9 -> 480133.83 | L9: =E9+I9 -> 0 | M9: =L9/K9 -> 0 | N9: =VLOOKUP(T1,'LFL 2024'!A2:I33,8,0) -> #N/A | O9: =E9 -> 0 | P9: =O9/N9-1 -> #N/A
A10: THI7 | B10: WTP Jaipur | C10: =Retail!F35 -> 190041.27 | D10: =SUMIFS(C40:AM40,$C$33:$AM$33,"="&$A$53) -> 0 | F10: =E10/D10-1 -> #DIV/0! | G10: =E10/C10 -> 0 | K10: =C10+H10 -> 190041.27 | L10: =E10+I10 -> 0 | M10: =L10/K10 -> 0 | N10: =VLOOKUP(T1,'LFL 2024'!A2:J33,9,0) -> #N/A | O10: =E10 -> 0 | P10: =O10/N10-1 -> #N/A
A11: THM0 | B11: Ardee Mall, Gurgaon | C11: =Retail!C35 -> 174186.13 | D11: =SUMIFS(C41:AM41,$C$33:$AM$33,"="&$A$53) -> 0 | F11: =E11/D11-1 -> #DIV/0! | G11: =E11/C11 -> 0 | K11: =C11+H11 -> 174186.13 | L11: =E11+I11 -> 0 | M11: =L11/K11 -> 0 | N11: =VLOOKUP(T1,'LFL 2024'!A2:K33,10,0) -> #N/A | O11: =E11 -> 0 | P11: =O11/N11-1 -> #N/A
A12: TJY4 | B12: Airia Mall Gurg | C12: =Retail!D35 -> 108239.76 | D12: =SUMIFS(C42:AM42,$C$33:$AM$33,"="&$A$53) -> 0 | F12: =E12/D12-1 -> #DIV/0! | G12: =E12/C12 -> 0 | K12: =C12+H12 -> 108239.76 | L12: =E12+I12 -> 0 | M12: =L12/K12 -> 0 | N12: =VLOOKUP(T1,'LFL 2024'!A2:L33,11,0) -> #N/A | O12: =E12 -> 0 | P12: =O12/N12-1 -> #N/A
A13: TXUT | B13: Vaishali | C13: =Retail!G35 -> 93298.933 | D13: =SUMIFS(C43:AM43,$C$33:$AM$33,"="&$A$53) -> 0 | F13: =E13/D13-1 -> #DIV/0! | G13: =E13/C13 -> 0 | K13: =C13+H13 -> 93298.933 | L13: =E13+I13 -> 0 | M13: =L13/K13 -> 0 | N13: =VLOOKUP(T1,'LFL 2024'!A2:M33,12,0) -> #N/A | O13: =E13 -> 0 | P13: =O13/N13-1 -> #N/A
A14: TXYT | B14: Good Earth | C14: =Retail!E35 -> 0 | D14: =SUMIFS(C44:AM44,$C$33:$AM$33,"="&$A$53) -> 0 | F14: =E14/D14-1 -> #DIV/0! | G14: =E14/C14 -> #DIV/0! | K14: =C14+H14 -> 0 | L14: =E14+I14 -> 0 | M14: =L14/K14 -> #DIV/0! | N14: =VLOOKUP(T1,'LFL 2024'!A2:N33,13,0) -> #N/A | O14: =E14 -> 0 | P14: =O14/N14-1 -> #N/A
A15: TAUN | B15: Udaipur | C15: =Retail!I35 -> 75609.562 | D15: =SUMIFS(C45:AM45,$C$33:$AM$33,"="&$A$53) -> 0 | F15: =E15/D15-1 -> #DIV/0! | G15: =E15/C15 -> 0 | H15: =Attraction!C35 -> 4391.1341 | J15: =I15/H15 -> 0 | K15: =C15+H15 -> 80000.696 | L15: =E15+I15 -> 0 | M15: =L15/K15 -> 0 | N15: =VLOOKUP(T1,'LFL 2024'!A2:O33,14,0) -> #N/A | O15: =E15 -> 0 | P15: =O15/N15-1 -> #N/A
A16: THE1 | B16: Elante Chandigarh | C16: =Retail!N35 -> 478539.4 | D16: =SUMIFS(C46:AM46,$C$33:$AM$33,"="&$A$53) -> 0 | F16: =E16/D16-1 -> #DIV/0! | G16: =E16/C16 -> 0 | H16: =Attraction!F35 -> 86995.04 | J16: =I16/H16 -> 0 | K16: =C16+H16 -> 565534.44 | L16: =E16+I16 -> 0 | M16: =L16/K16 -> 0 | N16: =VLOOKUP(T1,'LFL 2024'!A2:P33,15,0) -> #N/A | O16: =E16 -> 0 | P16: =O16/N16-1 -> #N/A
A17: TF5T | B17: Pacific D21 | C17: =Retail!O35 -> 0 | D17: =SUMIFS(C47:AM47,$C$33:$AM$33,"="&$A$53) -> 0 | F17: =E17/D17-1 -> #DIV/0! | G17: =E17/C17 -> #DIV/0! | K17: =C17+H17 -> 0 | L17: =E17+I17 -> 0 | M17: =L17/K17 -> #DIV/0! | N17: =VLOOKUP(T1,'LFL 2024'!A2:Q33,16,0) -> #N/A | O17: =E17 -> 0 | P17: =O17/N17-1 -> #N/A
A18: TXPH | B18: NH-1 Ambala store | C18: =Retail!P35 -> 52418.276 | D18: =SUMIFS(C48:AM48,$C$33:$AM$33,"="&$A$53) -> 0 | F18: =E18/D18-1 -> #DIV/0! | G18: =E18/C18 -> 0 | K18: =C18+H18 -> 52418.276 | L18: =E18+I18 -> 0 | M18: =L18/K18 -> 0 | N18: =VLOOKUP(T1,'LFL 2024'!A2:R33,17,0) -> #N/A | O18: =E18 -> 0 | P18: =O18/N18-1 -> #N/A
A19: TXR2 | B19: Zirakpur | C19: =Retail!Q35 -> 50054.432 | D19: =SUMIFS(C49:AM49,$C$33:$AM$33,"="&$A$53) -> 0 | F19: =E19/D19-1 -> #DIV/0! | G19: =E19/C19 -> 0 | K19: =C19+H19 -> 50054.432 | L19: =E19+I19 -> 0 | M19: =L19/K19 -> 0 | N19: =VLOOKUP(T1,'LFL 2024'!A2:S33,18,0) -> #N/A | O19: =E19 -> 0 | P19: =O19/N19-1 -> #N/A
A20: T2DD | B20: CP-67 | C20: =Retail!R35 -> 173176.09 | D20: =SUMIFS(C50:AM50,$C$33:$AM$33,"="&$A$53) -> 0 | F20: =E20/D20-1 -> #DIV/0! | G20: =E20/C20 -> 0 | H20: =Attraction!H35 -> 37671.355 | J20: =I20/H20 -> 0 | K20: =C20+H20 -> 210847.45 | L20: =E20+I20 -> 0 | M20: =L20/K20 -> 0 | N20: =VLOOKUP(T1,'LFL 2024'!A2:T33,19,0) -> #N/A | O20: =E20 -> 0 | P20: =O20/N20-1 -> #N/A
A21: TL60 | B21: Iris | C21: =Retail!S35 -> 69239.832 | D21: =SUMIFS(C51:AM51,$C$33:$AM$33,"="&$A$53) -> 0 | F21: =E21/D21-1 -> #DIV/0! | G21: =E21/C21 -> 0 | K21: =C21+H21 -> 69239.832 | L21: =E21+I21 -> 0 | M21: =L21/K21 -> 0 | N21: =VLOOKUP(T1,'LFL 2024'!A2:U33,20,0) -> #N/A | O21: =E21 -> 0 | P21: =O21/N21-1 -> #N/A
A22: TB6V | B22: Elegante | C22: =Retail!T35 -> 118798.39 | D22: =SUMIFS(C52:AM52,$C$33:$AM$33,"="&$A$53) -> 0 | F22: =E22/D22-1 -> #DIV/0! | G22: =E22/C22 -> 0 | K22: =C22+H22 -> 118798.39 | L22: =E22+I22 -> 0 | M22: =L22/K22 -> 0 | N22: =VLOOKUP(T1,'LFL 2024'!A2:V33,21,0) -> #N/A | O22: =E22 -> 0 | P22: =O22/N22-1 -> #N/A
C23: =SUM(C4:C22) -> 3503674.6 | D23: =SUM(D4:D22) -> 0 | E23: =SUM(E4:E22) -> 0 | F23: =E23/D23-1 -> #DIV/0! | G23: =E23/C23 -> 0 | H23: =SUM(H4:H22) -> 273790.24 | I23: =SUM(I4:I22) -> 0 | J23: =I23/H23 -> 0 | K23: =SUM(K4:K22) -> 3777464.8 | L23: =SUM(L4:L22) -> 0 | M23: =L23/K23 -> 0 | N23: =SUM(N4:N22) -> #N/A | O23: =SUM(O4:O22) -> 0 | P23: =O23/N23-1 -> #N/A | Q23: =SUM(Q4:Q22) -> 0 | R23: =SUM(R4:R22) -> 0
C25: Target | D25: Last Week | E25: This Week | F25: WOW | G25: Ach% | H25: Target | I25: This Week | J25: Ach % | K25: Target | L25: This Week | M25: Ach % | N25: NOB | O25: Loyalty | P25: Attach% | Q25: 10K Bills | R25: Trolley
B26: Ajay | C26: =+C4+C20 -> 694170.38 | D26: =+D4+D20 -> 0 | E26: =+E4+E20 -> 0 | F26: =E26/D26-1 -> #DIV/0! | G26: =+E26/C26 -> 0 | H26: =+H4+H20 -> 51324.885 | I26: =+I4+I20 -> 0 | J26: =I26/H26 -> 0 | K26: =+K4+K20 -> 745495.26 | L26: =+L4+L20 -> 0 | M26: =L26/K26 -> 0 | N26: =+N4+N20 -> #N/A | O26: =+O4+O20 -> 0 | P26: =O26/N26 -> #N/A | Q26: =+Q4+Q20 -> 0 | R26: =+R4+R20 -> 0
B27: Shashank | C27: =C10+C13+C15 -> 358949.77 | D27: =+D10+D13+D15 -> 0 | E27: =+E10+E13+E15 -> 0 | F27: =E27/D27-1 -> #DIV/0! | G27: =+E27/C27 -> 0 | H27: =+H10+H13+H15 -> 4391.1341 | I27: =I10+I13+I15 -> 0 | J27: =I27/H27 -> 0 | K27: =K10+K13+K15 -> 363340.9 | L27: =L10+L13+L15 -> 0 | M27: =L27/K27 -> 0 | N27: =+N10+N13+N15 -> #N/A | O27: =+O10+O13+O15 -> 0 | P27: =O27/N27 -> #N/A | Q27: =+Q10+Q13+Q15 -> 0 | R27: =+R10+R13+R15 -> 0
B28: Param | C28: =+C11+C9+C12+C6+C14+C21 -> 895650.72 | D28: =+D11+D9+D12+D6+D14+D21 -> 0 | E28: =+E11+E9+E12+E6+E14+E21 -> 0 | F28: =E28/D28-1 -> #DIV/0! | G28: =+E28/C28 -> 0 | H28: =H11+H9+H12+H6+H14+H21 -> 100564.04 | I28: =I11+I9+I12+I6+I14+I21 -> 0 | J28: =I28/H28 -> 0 | K28: =K11+K9+K12+K6+K14+K21 -> 996214.76 | L28: =L11+L9+L12+L6+L14+L21 -> 0 | M28: =L28/K28 -> 0 | N28: =+N11+N9+N12+N6+N14+N21 -> #N/A | O28: =+O11+O9+O12+O6+O14+O21 -> 0 | P28: =O28/N28 -> #N/A | Q28: =+Q11+Q9+Q12+Q6+Q14+Q21 -> 0 | R28: =+R11+R9+R12+R6+R14+R21 -> 0
B29: Harsh | C29: =+C5+C7+C8+C19+C18+C17+C16+C22 -> 1554903.7 | D29: =+D5+D7+D8+D19+D18+D17+D16+D22 -> 0 | E29: =+E5+E7+E8+E19+E18+E17+E16+E22 -> 0 | F29: =E29/D29-1 -> #DIV/0! | G29: =+E29/C29 -> 0 | H29: =+H5+H7+H8+H19+H18+H17+H16+H22 -> 117510.18 | I29: =+I5+I7+I8+I19+I18+I17+I16+I22 -> 0 | J29: =I29/H29 -> 0 | K29: =+K5+K7+K8+K19+K18+K17+K16+K22 -> 1672413.9 | L29: =+L5+L7+L8+L19+L18+L17+L16+L22 -> 0 | M29: =L29/K29 -> 0 | N29: =+N5+N7+N8+N19+N18+N17+N16+N22 -> #N/A | O29: =+O5+O7+O8+O19+O18+O17+O16+O22 -> 0 | P29: =O29/N29 -> #N/A | Q29: =+Q5+Q7+Q8+Q19+Q18+Q17+Q16+Q22 -> 0 | R29: =+R5+R7+R8+R19+R18+R17+R16+R22 -> 0
C30: =SUM(C26:C29) -> 3503674.6 | D30: =SUM(D26:D29) -> 0 | E30: =SUM(E26:E29) -> 0 | F30: =E30/D30-1 -> #DIV/0! | G30: =+E30/C30 -> 0 | H30: =SUM(H26:H29) -> 273790.24 | I30: =SUM(I26:I29) -> 0 | J30: =I30/H30 -> 0 | K30: =SUM(K26:K29) -> 3777464.8 | L30: =SUM(L26:L29) -> 0 | M30: =L30/K30 -> 0 | N30: =SUM(N26:N29) -> #N/A | O30: =SUM(O26:O29) -> 0 | P30: =O30/N30 -> #N/A | Q30: =SUM(Q26:Q29) -> 0 | R30: =SUM(R26:R29) -> 0
A33: Store Code | B33: Store Name | C33: 45985 | D33: =C33+1 -> 45986 | E33: =D33+1 -> 45987 | F33: =E33+1 -> 45988 | G33: =F33+1 -> 45989 | H33: =G33+1 -> 45990 | I33: =H33+1 -> 45991 | J33: =I33+1 -> 45992 | K33: =J33+1 -> 45993 | ... AP33: =AO33+1 -> 46024
A34: THE8 | B34: AVK Delhi
A35: THH2 | B35: Delhi Pacific
A36: TAHY | B36: Worldmark
A37: THH3 | B37: Delhi Selectcity
A38: TLX5 | B38: Vegas Dwarka
A39: THF9 | B39: Amb Gurg Delhi
A40: THI7 | B40: WTP Jaipur
A41: THM0 | B41: Ardee Mall, Gurgaon
A42: TJY4 | B42: Airia Mall Gurg
A43: TXUT | B43: Vaishali
A44: TXYT | B44: Good Earth
A45: TAUN | B45: Udaipur
... A51: TL60 | B51: Iris
AB52: 78308 | AC52: 166212 | AD52: 190014 | AE52: 97235 | AF52: 112364 | AG52: 186352
A53: =TODAY()-7 -> 46284

Sheet Retail
B1: AGU Delhi | C1: ARDEE | D1: AIRIA | E1: Good Earth | F1: JAIPUR | G1: Vaishali | H1: WMG | I1: Udaipur | J1: Pacifc | K1: SELECT | L1: VEGAS | M1: AVK | N1: ELANTE | O1: D21 | P1: AMBALA | Q1: Zirakpur | R1: CP-67 | S1: Iris | T1: Faridabd | U1: Elegante | V1: Dlf Summit Plaza | W1: Jodhpur
A2: Date | B2: THF9 | C2: THM0 | D2: TJY4 | E2: TXYT | F2: THI7 | G2: TXUT | H2: TAHY | I2: TAUN | J2: THH2 | K2: THH3 | L2: TLX5 | M2: THE8 | N2: THE1 | O2: TF5T | P2: TXPH | Q2: TXR2 | R2: T2DD | S2: TL6O | T2: T1MH | U2: TB6V | V2: TBDE | W2: TD9T | X2: TOTAL
A3: 46266 | B3: 200783.24 | C3: 72841.471 | D3: 45263.898 | F3: 79471.806 | G3: 39015.918 | H3: 26701.399 | I3: 31618.544 | J3: 119907.14 | K3: 164020.4 | L3: 73656.886 | M3: 217870.34 | N3: 200116.48 | P3: 21920.37 | Q3: 20931.853 | R3: 72419.093 | S3: 28954.839 | T3: 49679.326 | U3: 78336.458 | V3: 65745.043 | W3: 58021.218 | X3: =SUM(B3:V3) -> 1609254.5
A4: =A3+1 -> 46267 | B4: 209512.95 | C4: 76008.491 | D4: 47231.893 | F4: 82927.102 | G4: 40712.262 | H4: 27862.329 | I4: 32993.263 | J4: 125120.5 | K4: 171151.72 | L4: 76859.359 | M4: 227342.96 | N4: 208817.19 | P4: 22873.429 | Q4: 21841.934 | R4: 75567.75 | S4: 30213.745 | T4: 51839.297 | U4: 81742.391 | V4: 68603.523 | W4: 60543.879 | X4: =SUM(B4:V4) -> 1679222.1
A5: =A4+1 -> 46268 | B5: 244431.77 | C5: 88676.573 | D5: 55103.876 | F5: 96748.285 | G5: 47497.639 | H5: 32506.051 | I5: 38492.141 | J5: 145973.92 | K5: 199677.01 | L5: 89669.252 | M5: 265233.45 | N5: 243620.06 | P5: 26685.668 | Q5: 25482.256 | R5: 88162.375 | S5: 35249.369 | T5: 60479.18 | U5: 95366.123 | V5: 80037.443 | W5: 70634.526 | X5: =SUM(B5:V5) -> 1959092.4
A6: =A5+1 -> 46269 | B6: 349188.24 | C6: 126680.82 | D6: 78719.822 | F6: 138211.84 | G6: 67853.77 | H6: 46437.216 | I6: 54988.772 | J6: 208534.16 | K6: 285252.87 | L6: 128098.93 | M6: 378904.93 | N6: 348028.65 | P6: 38122.382 | Q6: 36403.223 | R6: 125946.25 | S6: 50356.241 | T6: 86398.828 | U6: 136237.32 | V6: 114339.2 | W6: 100906.47 | X6: =SUM(B6:V6) -> 2798703.5
A7: =A6+1 -> 46270 | B7: 453944.71 | C7: 164685.06 | D7: 102335.77 | F7: 179675.39 | G7: 88209.901 | H7: 60368.38 | I7: 71485.404 | J7: 271094.41 | K7: 370828.73 | L7: 166528.61 | M7: 492576.41 | N7: 452437.25 | P7: 49559.097 | Q7: 47324.19 | R7: 163730.12 | S7: 65463.114 | T7: 112318.48 | U7: 177108.51 | V7: 148640.97 | W7: 131178.41 | X7: =SUM(B7:V7) -> 3638314.5
A8: =A7+1 -> 46271 | B8: 453944.71 | C8: 164685.06 | D8: 102335.77 | F8: 179675.39 | G8: 88209.901 | H8: 60368.38 | I8: 71485.404 | J8: 271094.41 | K8: 370828.73 | L8: 166528.61 | M8: 492576.41 | N8: 452437.25 | P8: 49559.097 | Q8: 47324.19 | R8: 163730.12 | S8: 65463.114 | T8: 112318.48 | U8: 177108.51 | V8: 148640.97 | W8: 131178.41 | X8: =SUM(B8:V8) -> 3638314.5
A9: =A8+1 -> 46272 | B9: 200783.24 | C9: 72841.471 | D9: 45263.898 | F9: 79471.806 | G9: 39015.918 | H9: 26701.399 | I9: 31618.544 | J9: 119907.14 | K9: 164020.4 | L9: 73656.886 | M9: 217870.34 | N9: 200116.48 | P9: 21920.37 | Q9: 20931.853 | R9: 72419.093 | S9: 28954.839 | T9: 49679.326 | U9: 78336.458 | V9: 65745.043 | W9: 58021.218 | X9: =SUM(B9:V9) -> 1609254.5
A10: =A9+1 -> 46273 | B10: 209512.95 | C10: 76008.491 | D10: 47231.893 | F10: 82927.102 | G10: 40712.262 | H10: 27862.329 | I10: 32993.263 | J10: 125120.5 | K10: 171151.72 | L10: 76859.359 | M10: 227342.96 | N10: 208817.19 | P10: 22873.429 | Q10: 21841.934 | R10: 75567.75 | S10: 30213.745 | T10: 51839.297 | U10: 81742.391 | V10: 68603.523 | W10: 60543.879 | X10: =SUM(B10:V10) -> 1679222.1
A11: =A10+1 -> 46274 | B11: 209512.95 | C11: 76008.491 | D11: 47231.893 | F11: 82927.102 | G11: 40712.262 | H11: 27862.329 | I11: 32993.263 | J11: 125120.5 | K11: 171151.72 | L11: 76859.359 | M11: 227342.96 | N11: 208817.19 | P11: 22873.429 | Q11: 21841.934 | R11: 75567.75 | S11: 30213.745 | T11: 51839.297 | U11: 81742.391 | V11: 68603.523 | W11: 60543.879 | X11: =SUM(B11:V11) -> 1679222.1
A12: =A11+1 -> 46275 | B12: 235702.06 | C12: 85509.553 | D12: 53135.88 | F12: 93292.989 | G12: 45801.295 | H12: 31345.121 | I12: 37117.421 | J12: 140760.56 | K12: 192545.69 | L12: 86466.779 | M12: 255760.83 | N12: 234919.34 | P12: 25732.608 | Q12: 24572.176 | R12: 85013.718 | S12: 33990.463 | T12: 58319.209 | U12: 91960.19 | V12: 77178.963 | W12: 68111.864 | X12: =SUM(B12:V12) -> 1889124.9
A13: =A12+1 -> 46276 | B13: 261891.18 | C13: 95010.614 | D13: 59039.867 | F13: 103658.88 | G13: 50890.327 | H13: 34827.912 | I13: 41241.579 | J13: 156400.62 | K13: 213939.65 | L13: 96074.199 | M13: 284178.7 | N13: 261021.49 | P13: 28591.787 | Q13: 27302.418 | R13: 94459.687 | S13: 37767.181 | T13: 64799.121 | U13: 102177.99 | V13: 85754.404 | W13: 75679.849 | X13: =SUM(B13:V13) -> 2099027.6
A14: =A13+1 -> 46277 | B14: 462674.42 | C14: 167852.09 | D14: 104303.76 | F14: 183130.68 | G14: 89906.245 | H14: 61529.311 | I14: 72860.123 | J14: 276307.77 | K14: 377960.06 | L14: 169731.09 | M14: 502049.04 | N14: 461137.97 | P14: 50512.157 | Q14: 48234.271 | R14: 166878.78 | S14: 66722.02 | T14: 114478.45 | U14: 180514.45 | V14: 151499.45 | W14: 133701.07 | X14: =SUM(B14:V14) -> 3708282.1
A15: =A14+1 -> 46278 | B15: 462674.42 | C15: 167852.09 | D15: 104303.76 | F15: 183130.68 | G15: 89906.245 | H15: 61529.311 | I15: 72860.123 | J15: 276307.77 | K15: 377960.06 | L15: 169731.09 | M15: 502049.04 | N15: 461137.97 | P15: 50512.157 | Q15: 48234.271 | R15: 166878.78 | S15: 66722.02 | T15: 114478.45 | U15: 180514.45 | V15: 151499.45 | W15: 133701.07 | X15: =SUM(B15:V15) -> 3708282.1
... A32: =A31+1 -> 46295 | B32: 209512.95 | C32: 76008.491 | D32: 47231.893 | F32: 82927.102 | G32: 40712.262 | H32: 27862.329 | I32: 32993.263 | J32: 125120.5 | K32: 171151.72 | L32: 76859.359 | M32: 227342.96 | N32: 208817.19 | P32: 22873.429 | Q32: 21841.934 | R32: 75567.75 | S32: 30213.745 | T32: 51839.297 | U32: 81742.391 | V32: 68603.523 | W32: 60543.879 | X32: =SUM(B32:V32) -> 1679222.1
A33: =A32+1 -> 46296 | X33: =SUM(B33:V33) -> 0
A34: TOTAL | B34: =SUM(B3:B33) -> 8712246.6 | C34: =SUM(C3:C33) -> 3160686.4 | D34: =SUM(D3:D33) -> 1964059.6 | E34: =SUM(E3:E33) -> 0 | F34: =SUM(F3:F33) -> 3448385.3 | G34: =SUM(G3:G33) -> 1692951.6 | H34: =SUM(H3:H33) -> 1158608.5 | I34: =SUM(I3:I33) -> 1371969.9 | ... W34: =SUM(W3:W33) -> 2517616.3 | X34: =SUM(B34:V34) -> 69827652
A35: Daily TGT | B35: =SUMIFS(B3:B33,$A$3:$A$33,"="&$A$37) -> 480133.83 | C35: =SUMIFS(C3:C33,$A$3:$A$33,"="&$A$37) -> 174186.13 | D35: =SUMIFS(D3:D33,$A$3:$A$33,"="&$A$37) -> 108239.76 | E35: =SUMIFS(E3:E33,$A$3:$A$33,"="&$A$37) -> 0 | F35: =SUMIFS(F3:F33,$A$3:$A$33,"="&$A$37) -> 190041.27 | G35: =SUMIFS(G3:G33,$A$3:$A$33,"="&$A$37) -> 93298.933 | H35: =SUMIFS(H3:H33,$A$3:$A$33,"="&$A$37) -> 63851.172 | I35: =SUMIFS(I3:I33,$A$3:$A$33,"="&$A$37) -> 75609.562 | ... W35: =SUMIFS(W3:W33,$A$3:$A$33,"="&$A$37) -> 138746.39 | X35: =SUM(B35:V35) -> 3848217.3
A37: =TODAY() -> 46291

Sheet Attraction
B1: WMG | C1: UDAIPUR | D1: VEGAS | E1: PACIFIC | F1: ELANTE | G1: AVK | H1: CP67 | I1: TOTAL
A2: Date | B2: TAHY | C2: TAUN | D2: TLX5 | E2: THH2 | F2: THE1 | G2: THE8 | H2: T2DD
A3: 46266 | B3: 38540.512 | C3: 1682.8735 | D3: 4597.4185 | E3: 7097.3097 | F3: 33340.281 | G3: 5232.6264 | H3: 14437.301 | I3: =SUM(B3:H3) -> 104928.32
A4: =A3+1 -> 46267 | B4: 39909.057 | C4: 1742.631 | D4: 4760.6694 | E4: 7349.3297 | F4: 34524.169 | G4: 5418.433 | H4: 14949.958 | I4: =SUM(B4:H4) -> 108654.25 | U4: 3865.1169 | V4: 6886.2251 | W4: 22588.939 | X4: =U4+V4+W4 -> 33340.281
A5: =A4+1 -> 46268 | B5: 44737.047 | C5: 1953.4455 | D5: 5336.5905 | E5: 8238.4136 | F5: 38700.724 | G5: 6073.927 | H5: 16758.527 | I5: =SUM(B5:H5) -> 121798.67 | U5: 4002.3643 | V5: 7130.7497 | W5: 23391.055 | X5: =U5+V5+W5 -> 34524.169
A6: =A5+1 -> 46269 | B6: 67580.935 | C6: 2950.925 | D6: 8061.591 | E6: 12445.16 | F6: 58462.309 | G6: 9175.4304 | H6: 25315.862 | I6: =SUM(B6:H6) -> 183992.21 | U6: 4486.5496 | V6: 7993.3909 | W6: 26220.783 | X6: =U6+V6+W6 -> 38700.724
A7: =A6+1 -> 46270 | B7: 88453.983 | C7: 3862.3477 | D7: 10551.494 | E7: 16288.972 | F7: 76518.978 | G7: 12009.354 | H7: 33134.919 | I7: =SUM(B7:H7) -> 240820.05 | U7: 6777.4973 | V7: 12075.022 | W7: 39609.79 | X7: =U7+V7+W7 -> 58462.309
A8: =A7+1 -> 46271 | B8: 98932.746 | C8: 4319.9035 | D8: 11801.484 | E8: 18218.656 | F8: 85583.853 | G8: 13432.05 | H8: 37060.27 | I8: =SUM(B8:H8) -> 269348.96 | U8: 8870.7951 | V8: 15804.513 | W8: 51843.67 | X8: =U8+V8+W8 -> 76518.978
A9: =A8+1 -> 46272 | B9: 37758.568 | C9: 1648.7298 | D9: 4504.142 | E9: 6953.3131 | F9: 32663.843 | G9: 5126.4622 | H9: 14144.384 | I9: =SUM(B9:H9) -> 102799.44 | U9: 9921.68 | V9: 17676.806 | W9: 57985.366 | X9: =U9+V9+W9 -> 85583.853
A10: =A9+1 -> 46273 | B10: 39511.705 | C10: 1725.2806 | D10: 4713.2701 | E10: 7276.1566 | F10: 34180.431 | G10: 5364.4847 | H10: 14801.11 | I10: =SUM(B10:H10) -> 107572.44 | U10: 3786.698 | V10: 6746.5112 | W10: 22130.634 | X10: =U10+V10+W10 -> 32663.843
A11: =A10+1 -> 46274 | B11: 39655.603 | C11: 1731.5639 | D11: 4730.4354 | E11: 7302.6557 | F11: 34304.913 | G11: 5384.0217 | H11: 14855.014 | I11: =SUM(B11:H11) -> 107964.21 | U11: 3962.515 | V11: 7059.7529 | W11: 23158.163 | X11: =U11+V11+W11 -> 34180.431
A12: =A11+1 -> 46275 | B12: 44141.961 | C12: 1927.461 | D12: 5265.6039 | E12: 8128.8273 | F12: 38185.932 | G12: 5993.1324 | H12: 16535.607 | I12: =SUM(B12:H12) -> 120178.52 | U12: 3976.9461 | V12: 7085.4638 | W12: 23242.503 | X12: =U12+V12+W12 -> 34304.913
A13: =A12+1 -> 46276 | B13: 53548.307 | C13: 2338.1896 | D13: 6387.6675 | E13: 9861.024 | F13: 46323.089 | G13: 7270.2273 | H13: 20059.23 | I13: =SUM(B13:H13) -> 145787.73 | U13: 4426.8701 | V13: 7887.0639 | W13: 25871.998 | X13: =U13+V13+W13 -> 38185.932
A14: =A13+1 -> 46277 | B14: 96870.216 | C14: 4229.843 | D14: 11555.449 | E14: 17838.837 | F14: 83799.618 | G14: 13152.022 | H14: 36287.645 | I14: =SUM(B14:H14) -> 263733.63 | U14: 5370.2054 | V14: 9567.7424 | W14: 31385.141 | X14: =U14+V14+W14 -> 46323.089
A15: =A14+1 -> 46278 | B15: 98781.414 | C15: 4313.2956 | D15: 11783.432 | E15: 18190.788 | F15: 85452.94 | G15: 13411.504 | H15: 37003.581 | I15: =SUM(B15:H15) -> 268936.95 | U15: 9714.8349 | V15: 17308.284 | W15: 56776.499 | X15: =U15+V15+W15 -> 83799.618
... A32: =A31+1 -> 46295 | B32: 40259.744 | C32: 1757.9438 | D32: 4802.5022 | E32: 7413.9095 | F32: 34827.538 | G32: 5466.0457 | H32: 15081.326 | I32: =SUM(B32:H32) -> 109609.01 | U32: 3962.515 | V32: 7059.7529 | W32: 23158.163 | X32: =U32+V32+W32 -> 34180.431
A33: =A32+1 -> 46296 | I33: =SUM(B33:H33) -> 0 | U33: 4037.5337 | V33: 7193.4088 | W33: 23596.596 | X33: =U33+V33+W33 -> 34827.538
A34: TOTAL | B34: =SUBTOTAL(9,B3:B33) -> 1738240.1 | C34: =SUBTOTAL(9,C3:C33) -> 75900.342 | D34: =SUBTOTAL(9,D3:D33) -> 207351.09 | E34: =SUBTOTAL(9,E3:E33) -> 320100.26 | F34: =SUBTOTAL(9,F3:F33) -> 1503701.1 | G34: =SUBTOTAL(9,G3:G33) -> 236000 | H34: =SUBTOTAL(9,H3:H33) -> 651145.84 | I34: =SUBTOTAL(9,I3:I33) -> 4732438.7 | X34: =U34+V34+W34 -> 0
A35: Daily | B35: =SUMIFS(B3:B33,$A$3:$A$33,"="&$A$37) -> 100564.04 | C35: =SUMIFS(C3:C33,$A$3:$A$33,"="&$A$37) -> 4391.1341 | D35: =SUMIFS(D3:D33,$A$3:$A$33,"="&$A$37) -> 11996.078 | E35: =SUMIFS(E3:E33,$A$3:$A$33,"="&$A$37) -> 18519.062 | F35: =SUMIFS(F3:F33,$A$3:$A$33,"="&$A$37) -> 86995.04 | G35: =SUMIFS(G3:G33,$A$3:$A$33,"="&$A$37) -> 13653.531 | H35: =SUMIFS(H3:H33,$A$3:$A$33,"="&$A$37) -> 37671.355 | I35: =SUMIFS(I3:I33,$A$3:$A$33,"="&$A$37) -> 273790.24
A37: =TODAY() -> 46291

Sheet LFL 2024
A1: Store Code | B1: Day | C1: THE8 | D1: THH2 | E1: TAHY | F1: THH3 | G1: TLX5 | H1: THF9 | I1: THI7 | J1: THM0 | K1: TJY4 | L1: TXUT | M1: TXYT | N1: TAUN | O1: THE1 | P1: TF5T | Q1: TXPH | R1: TXR2 | S1: T2DD | T1: TL60 | U1: TB6V
A2: 46023 | B2: Sun | U2: 0
A3: =A2+1 -> 46024 | B3: Mon | U3: 0
A4: =A3+1 -> 46025 | B4: Tue | U4: 0
A5: =A4+1 -> 46026 | B5: Wed | U5: 0
A6: =A5+1 -> 46027 | B6: Thu | U6: 0
A7: =A6+1 -> 46028 | B7: Fri | U7: 0
A8: =A7+1 -> 46029 | B8: Sat | U8: 0
A9: =A8+1 -> 46030 | B9: Sun | U9: 0
A10: =A9+1 -> 46031 | B10: Mon | U10: 0
A11: =A10+1 -> 46032 | B11: Tue | U11: 0
A12: =A11+1 -> 46033 | B12: Wed | U12: 0
A13: =A12+1 -> 46034 | B13: Thu | U13: 0
A14: =A13+1 -> 46035 | B14: Fri | U14: 0
... A32: =A31+1 -> 46053 | B32: Tue | U32: 0
A33: Total | C33: =SUM(C2:C32) -> 0 | D33: =SUM(D2:D32) -> 0 | E33: =SUM(E2:E32) -> 0 | F33: =SUM(F2:F32) -> 0 | G33: =SUM(G2:G32) -> 0 | H33: =SUM(H2:H32) -> 0 | I33: =SUM(I2:I32) -> 0 | J33: =SUM(J2:J32) -> 0 | ... U33: =SUM(U2:U32) -> 0
