Workbook

Sheet FINAL
B1: 46266
A2: Hours | B2: Store Name | C2: ROM | D2: SD | E2: Date | F2: Day | G2: Time Slot | H2: Staff Present | I2: NOB/Hour | J2: NOB Tgt | K2: NOB Ach | L2: FF | M2: Conv
A3: 11 | B3: Hamleys Vegas | C3: Ajay Gill | D3: Harsh | E3: 46266 | F3: Wed | G3: 11 to 12 | H3: 3 | I3: 1.5 | J3: 4.5 | K3: 0 | L3: 4 | M3: 0
A4: 12 | B4: Hamleys Vegas | C4: Ajay Gill | D4: Harsh | E4: 46266 | F4: Wed | G4: 12 to 1 | H4: 3 | I4: 1.5 | J4: 4.5 | K4: 1 | L4: 8 | M4: 0.125
A5: 13 | B5: Hamleys Vegas | C5: Ajay Gill | D5: Harsh | E5: 46266 | F5: Wed | G5: 1 to 2 | H5: 7 | I5: 1.5 | J5: 10.5 | K5: 3 | L5: 17 | M5: 0.17647059
A6: 14 | B6: Hamleys Vegas | C6: Ajay Gill | D6: Harsh | E6: 46266 | F6: Wed | G6: 2 to 3 | H6: 7 | I6: 1.5 | J6: 10.5 | K6: 1 | L6: 14 | M6: 0.071428571
A7: 15 | B7: Hamleys Vegas | C7: Ajay Gill | D7: Harsh | E7: 46266 | F7: Wed | G7: 3 to 4 | H7: 7 | I7: 1.5 | J7: 10.5 | K7: 1 | L7: 12 | M7: 0.083333333
A8: 16 | B8: Hamleys Vegas | C8: Ajay Gill | D8: Harsh | E8: 46266 | F8: Wed | G8: 4 to 5 | H8: 7 | I8: 1.5 | J8: 10.5 | K8: 4 | L8: 24 | M8: 0.16666667
A9: 17 | B9: Hamleys Vegas | C9: Ajay Gill | D9: Harsh | E9: 46266 | F9: Wed | G9: 5 to 6 | H9: 7 | I9: 1.5 | J9: 10.5 | K9: 6 | L9: 33 | M9: 0.18181818
A10: 18 | B10: Hamleys Vegas | C10: Ajay Gill | D10: Harsh | E10: 46266 | F10: Wed | G10: 6 to 7 | H10: 7 | I10: 1.5 | J10: 10.5 | K10: 4 | L10: 19 | M10: 0.21052632
A11: 19 | B11: Hamleys Vegas | C11: Ajay Gill | D11: Harsh | E11: 46266 | F11: Wed | G11: 7 to 8 | H11: 4 | I11: 1.5 | J11: 6 | K11: 4 | L11: 28 | M11: 0.14285714
A12: 20 | B12: Hamleys Vegas | C12: Ajay Gill | D12: Harsh | E12: 46266 | F12: Wed | G12: 8 to 9 | H12: 4 | I12: 1.5 | J12: 6 | K12: 2 | L12: 17 | M12: 0.11764706
A13: 21 | B13: Hamleys Vegas | C13: Ajay Gill | D13: Harsh | E13: 46266 | F13: Wed | G13: 9 to 10 | H13: 4 | I13: 1.5 | J13: 6 | K13: 1 | L13: 10 | M13: 0.1
B16: 46267
A17: Hours | B17: Store Name | C17: ROM | D17: SD | E17: Date | F17: Day | G17: Time Slot | H17: Staff Present | I17: NOB/Hour | J17: NOB Tgt | K17: NOB Ach | L17: FF | M17: Conv
A18: 11 | B18: Hamleys Vegas | C18: Ajay Gill | D18: Harsh | E18: 46267 | F18: Wed | G18: 11 to 12 | H18: 3 | I18: 1.5 | J18: 4.5 | K18: 1 | L18: 7 | M18: 0.14285714
A19: 12 | B19: Hamleys Vegas | C19: Ajay Gill | D19: Harsh | E19: 46267 | F19: Wed | G19: 12 to 1 | H19: 3 | I19: 1.5 | J19: 4.5 | K19: 1 | L19: 6 | M19: 0.16666667
A20: 13 | B20: Hamleys Vegas | C20: Ajay Gill | D20: Harsh | E20: 46267 | F20: Wed | G20: 1 to 2 | H20: 7 | I20: 1.5 | J20: 10.5 | K20: 2 | L20: 11 | M20: 0.18181818
A21: 14 | B21: Hamleys Vegas | C21: Ajay Gill | D21: Harsh | E21: 46267 | F21: Wed | G21: 2 to 3 | H21: 7 | I21: 1.5 | J21: 10.5 | K21: 4 | L21: 19 | M21: 0.21052632
A22: 15 | B22: Hamleys Vegas | C22: Ajay Gill | D22: Harsh | E22: 46267 | F22: Wed | G22: 3 to 4 | H22: 7 | I22: 1.5 | J22: 10.5 | K22: 3 | L22: 24 | M22: 0.125
A23: 16 | B23: Hamleys Vegas | C23: Ajay Gill | D23: Harsh | E23: 46267 | F23: Wed | G23: 4 to 5 | H23: 7 | I23: 1.5 | J23: 10.5 | K23: 2 | L23: 21 | M23: 0.095238095
A24: 17 | B24: Hamleys Vegas | C24: Ajay Gill | D24: Harsh | E24: 46267 | F24: Wed | G24: 5 to 6 | H24: 7 | I24: 1.5 | J24: 10.5 | K24: 2 | L24: 16 | M24: 0.125
A25: 18 | B25: Hamleys Vegas | C25: Ajay Gill | D25: Harsh | E25: 46267 | F25: Wed | G25: 6 to 7 | H25: 7 | I25: 1.5 | J25: 10.5 | K25: 3 | L25: 27 | M25: 0.11111111
A26: 19 | B26: Hamleys Vegas | C26: Ajay Gill | D26: Harsh | E26: 46267 | F26: Wed | G26: 7 to 8 | H26: 4 | I26: 1.5 | J26: 6 | K26: 3 | L26: 17 | M26: 0.17647059
A27: 20 | B27: Hamleys Vegas | C27: Ajay Gill | D27: Harsh | E27: 46267 | F27: Wed | G27: 8 to 9 | H27: 4 | I27: 1.5 | J27: 6 | K27: 4 | L27: 25 | M27: 0.16
A28: 21 | B28: Hamleys Vegas | C28: Ajay Gill | D28: Harsh | E28: 46267 | F28: Wed | G28: 9 to 10 | H28: 4 | I28: 1.5 | J28: 6 | K28: 4 | L28: 33 | M28: 0.12121212
B31: 46268
A32: Hours | B32: Store Name | C32: ROM | D32: SD | E32: Date | F32: Day | G32: Time Slot | H32: Staff Present | I32: NOB/Hour | J32: NOB Tgt | K32: NOB Ach | L32: FF | M32: Conv
A33: 11 | B33: Hamleys Vegas | C33: Ajay Gill | D33: Harsh | E33: 46268 | F33: Wed | G33: 11 to 12 | H33: 3 | I33: 1.5 | J33: 4.5 | K33: 0 | L33: 2 | M33: 0
A34: 12 | B34: Hamleys Vegas | C34: Ajay Gill | D34: Harsh | E34: 46268 | F34: Wed | G34: 12 to 1 | H34: 3 | I34: 1.5 | J34: 4.5 | K34: 2 | L34: 12 | M34: 0.16666667
A35: 13 | B35: Hamleys Vegas | C35: Ajay Gill | D35: Harsh | E35: 46268 | F35: Wed | G35: 1 to 2 | H35: 7 | I35: 1.5 | J35: 10.5 | K35: 1 | L35: 10 | M35: 0.1
A36: 14 | B36: Hamleys Vegas | C36: Ajay Gill | D36: Harsh | E36: 46268 | F36: Wed | G36: 2 to 3 | H36: 7 | I36: 1.5 | J36: 10.5 | K36: 3 | L36: 25 | M36: 0.12
A37: 15 | B37: Hamleys Vegas | C37: Ajay Gill | D37: Harsh | E37: 46268 | F37: Wed | G37: 3 to 4 | H37: 7 | I37: 1.5 | J37: 10.5 | K37: 3 | L37: 31 | M37: 0.096774194
A38: 16 | B38: Hamleys Vegas | C38: Ajay Gill | D38: Harsh | E38: 46268 | F38: Wed | G38: 4 to 5 | H38: 7 | I38: 1.5 | J38: 10.5 | K38: 1 | L38: 16 | M38: 0.0625
A39: 17 | B39: Hamleys Vegas | C39: Ajay Gill | D39: Harsh | E39: 46268 | F39: Wed | G39: 5 to 6 | H39: 7 | I39: 1.5 | J39: 10.5 | K39: 5 | L39: 22 | M39: 0.22727273
A40: 18 | B40: Hamleys Vegas | C40: Ajay Gill | D40: Harsh | E40: 46268 | F40: Wed | G40: 6 to 7 | H40: 7 | I40: 1.5 | J40: 10.5 | K40: 7 | L40: 30 | M40: 0.23333333
A41: 19 | B41: Hamleys Vegas | C41: Ajay Gill | D41: Harsh | E41: 46268 | F41: Wed | G41: 7 to 8 | H41: 4 | I41: 1.5 | J41: 6 | K41: 6 | L41: 33 | M41: 0.18181818
A42: 20 | B42: Hamleys Vegas | C42: Ajay Gill | D42: Harsh | E42: 46268 | F42: Wed | G42: 8 to 9 | H42: 4 | I42: 1.5 | J42: 6 | K42: 8 | L42: 41 | M42: 0.19512195
A43: 21 | B43: Hamleys Vegas | C43: Ajay Gill | D43: Harsh | E43: 46268 | F43: Wed | G43: 9 to 10 | H43: 4 | I43: 1.5 | J43: 6 | K43: 1 | L43: 9 | M43: 0.11111111
B46: 46269
A47: Hours | B47: Store Name | C47: ROM | D47: SD | E47: Date | F47: Day | G47: Time Slot | H47: Staff Present | I47: NOB/Hour | J47: NOB Tgt | K47: NOB Ach | L47: FF | M47: Conv
A48: 11 | B48: Hamleys Vegas | C48: Ajay Gill | D48: Harsh | E48: 46269 | F48: Wed | G48: 11 to 12 | H48: 3 | I48: 1.5 | J48: 4.5 | K48: 0 | L48: 4 | M48: 0
A49: 12 | B49: Hamleys Vegas | C49: Ajay Gill | D49: Harsh | E49: 46269 | F49: Wed | G49: 12 to 1 | H49: 3 | I49: 1.5 | J49: 4.5 | K49: 0 | L49: 6 | M49: 0
A50: 13 | B50: Hamleys Vegas | C50: Ajay Gill | D50: Harsh | E50: 46269 | F50: Wed | G50: 1 to 2 | H50: 7 | I50: 1.5 | J50: 10.5 | K50: 1 | L50: 13 | M50: 0.076923077
A51: 14 | B51: Hamleys Vegas | C51: Ajay Gill | D51: Harsh | E51: 46269 | F51: Wed | G51: 2 to 3 | H51: 7 | I51: 1.5 | J51: 10.5 | K51: 2 | L51: 11 | M51: 0.18181818
A52: 15 | B52: Hamleys Vegas | C52: Ajay Gill | D52: Harsh | E52: 46269 | F52: Wed | G52: 3 to 4 | H52: 7 | I52: 1.5 | J52: 10.5 | K52: 1 | L52: 5 | M52: 0.2
A53: 16 | B53: Hamleys Vegas | C53: Ajay Gill | D53: Harsh | E53: 46269 | F53: Wed | G53: 4 to 5 | H53: 7 | I53: 1.5 | J53: 10.5 | K53: 4 | L53: 25 | M53: 0.16
A54: 17 | B54: Hamleys Vegas | C54: Ajay Gill | D54: Harsh | E54: 46269 | F54: Wed | G54: 5 to 6 | H54: 7 | I54: 1.5 | J54: 10.5 | K54: 9 | L54: 55 | M54: 0.16363636
A55: 18 | B55: Hamleys Vegas | C55: Ajay Gill | D55: Harsh | E55: 46269 | F55: Wed | G55: 6 to 7 | H55: 7 | I55: 1.5 | J55: 10.5 | K55: 4 | L55: 33 | M55: 0.12121212
A56: 19 | B56: Hamleys Vegas | C56: Ajay Gill | D56: Harsh | E56: 46269 | F56: Wed | G56: 7 to 8 | H56: 4 | I56: 1.5 | J56: 6 | K56: 3 | L56: 21 | M56: 0.14285714
A57: 20 | B57: Hamleys Vegas | C57: Ajay Gill | D57: Harsh | E57: 46269 | F57: Wed | G57: 8 to 9 | H57: 4 | I57: 1.5 | J57: 6 | K57: 5 | L57: 36 | M57: 0.13888889
A58: 21 | B58: Hamleys Vegas | C58: Ajay Gill | D58: Harsh | E58: 46269 | F58: Wed | G58: 9 to 10 | H58: 4 | I58: 1.5 | J58: 6 | K58: 5 | L58: 24 | M58: 0.20833333
B62: 46270
A63: Hours | B63: Store Name | C63: ROM | D63: SD | E63: Date | F63: Day | G63: Time Slot | H63: Staff Present | I63: NOB/Hour | J63: NOB Tgt | K63: NOB Ach | L63: FF | M63: Conv
A64: 11 | B64: Hamleys Vegas | C64: Ajay Gill | D64: Harsh | E64: 46270 | F64: Wed | G64: 11 to 12 | H64: 3 | I64: 1.5 | J64: 4.5 | K64: 1 | L64: 11 | M64: 0.090909091
A65: 12 | B65: Hamleys Vegas | C65: Ajay Gill | D65: Harsh | E65: 46270 | F65: Wed | G65: 12 to 1 | H65: 3 | I65: 1.5 | J65: 4.5 | K65: 4 | L65: 24 | M65: 0.16666667
A66: 13 | B66: Hamleys Vegas | C66: Ajay Gill | D66: Harsh | E66: 46270 | F66: Wed | G66: 1 to 2 | H66: 7 | I66: 1.5 | J66: 10.5 | K66: 4 | L66: 21 | M66: 0.19047619
A67: 14 | B67: Hamleys Vegas | C67: Ajay Gill | D67: Harsh | E67: 46270 | F67: Wed | G67: 2 to 3 | H67: 7 | I67: 1.5 | J67: 10.5 | K67: 2 | L67: 31 | M67: 0.064516129
A68: 15 | B68: Hamleys Vegas | C68: Ajay Gill | D68: Harsh | E68: 46270 | F68: Wed | G68: 3 to 4 | H68: 7 | I68: 1.5 | J68: 10.5 | K68: 8 | L68: 24 | M68: 0.33333333
A69: 16 | B69: Hamleys Vegas | C69: Ajay Gill | D69: Harsh | E69: 46270 | F69: Wed | G69: 4 to 5 | H69: 7 | I69: 1.5 | J69: 10.5 | K69: 8 | L69: 58 | M69: 0.13793103
A70: 17 | B70: Hamleys Vegas | C70: Ajay Gill | D70: Harsh | E70: 46270 | F70: Wed | G70: 5 to 6 | H70: 7 | I70: 1.5 | J70: 10.5 | K70: 7 | L70: 67 | M70: 0.10447761
A71: 18 | B71: Hamleys Vegas | C71: Ajay Gill | D71: Harsh | E71: 46270 | F71: Wed | G71: 6 to 7 | H71: 7 | I71: 1.5 | J71: 10.5 | K71: 5 | L71: 49 | M71: 0.10204082
A72: 19 | B72: Hamleys Vegas | C72: Ajay Gill | D72: Harsh | E72: 46270 | F72: Wed | G72: 7 to 8 | H72: 4 | I72: 1.5 | J72: 6 | K72: 13 | L72: 78 | M72: 0.16666667
A73: 20 | B73: Hamleys Vegas | C73: Ajay Gill | D73: Harsh | E73: 46270 | F73: Wed | G73: 8 to 9 | H73: 4 | I73: 1.5 | J73: 6 | K73: 5 | L73: 41 | M73: 0.12195122
A74: 21 | B74: Hamleys Vegas | C74: Ajay Gill | D74: Harsh | E74: 46270 | F74: Wed | G74: 9 to 10 | H74: 4 | I74: 1.5 | J74: 6 | K74: 9 | L74: 33 | M74: 0.27272727
B92: 46272
A93: Hours | B93: Store Name | C93: ROM | D93: SD | E93: Date | F93: Day | G93: Time Slot | H93: Staff Present | I93: NOB/Hour | J93: NOB Tgt | K93: NOB Ach | L93: FF | M93: Conv
A94: 11 | B94: Hamleys Vegas | C94: Ajay Gill | D94: Harsh | E94: 46272 | F94: Wed | G94: 11 to 12 | H94: 3 | I94: 1.5 | J94: 4.5 | K94: 0 | L94: 0 | M94: #DIV/0!
A95: 12 | B95: Hamleys Vegas | C95: Ajay Gill | D95: Harsh | E95: 46272 | F95: Wed | G95: 12 to 1 | H95: 3 | I95: 1.5 | J95: 4.5 | K95: 0 | L95: 4 | M95: 0
A96: 13 | B96: Hamleys Vegas | C96: Ajay Gill | D96: Harsh | E96: 46272 | F96: Wed | G96: 1 to 2 | H96: 7 | I96: 1.5 | J96: 10.5 | K96: 0 | L96: 3 | M96: 0
A97: 14 | B97: Hamleys Vegas | C97: Ajay Gill | D97: Harsh | E97: 46272 | F97: Wed | G97: 2 to 3 | H97: 7 | I97: 1.5 | J97: 10.5 | K97: 1 | L97: 6 | M97: 0.16666667
A98: 15 | B98: Hamleys Vegas | C98: Ajay Gill | D98: Harsh | E98: 46272 | F98: Wed | G98: 3 to 4 | H98: 7 | I98: 1.5 | J98: 10.5 | K98: 1 | L98: 8 | M98: 0.125
A99: 16 | B99: Hamleys Vegas | C99: Ajay Gill | D99: Harsh | E99: 46272 | F99: Wed | G99: 4 to 5 | H99: 7 | I99: 1.5 | J99: 10.5 | K99: 2 | L99: 13 | M99: 0.15384615
A100: 17 | B100: Hamleys Vegas | C100: Ajay Gill | D100: Harsh | E100: 46272 | F100: Wed | G100: 5 to 6 | H100: 7 | I100: 1.5 | J100: 10.5 | K100: 2 | L100: 11 | M100: 0.18181818
A101: 18 | B101: Hamleys Vegas | C101: Ajay Gill | D101: Harsh | E101: 46272 | F101: Wed | G101: 6 to 7 | H101: 7 | I101: 1.5 | J101: 10.5 | K101: 5 | L101: 24 | M101: 0.20833333
A102: 19 | B102: Hamleys Vegas | C102: Ajay Gill | D102: Harsh | E102: 46272 | F102: Wed | G102: 7 to 8 | H102: 4 | I102: 1.5 | J102: 6 | K102: 3 | L102: 19 | M102: 0.15789474
A103: 20 | B103: Hamleys Vegas | C103: Ajay Gill | D103: Harsh | E103: 46272 | F103: Wed | G103: 8 to 9 | H103: 4 | I103: 1.5 | J103: 6 | K103: 8 | L103: 34 | M103: 0.23529412
A104: 21 | B104: Hamleys Vegas | C104: Ajay Gill | D104: Harsh | E104: 46272 | F104: Wed | G104: 9 to 10 | H104: 4 | I104: 1.5 | J104: 6 | K104: 2 | L104: 18 | M104: 0.11111111
B107: 46273
A108: Hours | B108: Store Name | C108: ROM | D108: SD | E108: Date | F108: Day | G108: Time Slot | H108: Staff Present | I108: NOB/Hour | J108: NOB Tgt | K108: NOB Ach | L108: FF | M108: Conv
A109: 11 | B109: Hamleys Vegas | C109: Ajay Gill | D109: Harsh | E109: 46273 | F109: Wed | G109: 11 to 12 | H109: 3 | I109: 1.5 | J109: 4.5 | K109: 0 | L109: 2 | M109: 0
A110: 12 | B110: Hamleys Vegas | C110: Ajay Gill | D110: Harsh | E110: 46273 | F110: Wed | G110: 12 to 1 | H110: 3 | I110: 1.5 | J110: 4.5 | K110: 0 | L110: 4 | M110: 0
A111: 13 | B111: Hamleys Vegas | C111: Ajay Gill | D111: Harsh | E111: 46273 | F111: Wed | G111: 1 to 2 | H111: 7 | I111: 1.5 | J111: 10.5 | K111: 1 | L111: 6 | M111: 0.16666667
A112: 14 | B112: Hamleys Vegas | C112: Ajay Gill | D112: Harsh | E112: 46273 | F112: Wed | G112: 2 to 3 | H112: 7 | I112: 1.5 | J112: 10.5 | K112: 2 | L112: 13 | M112: 0.15384615
A113: 15 | B113: Hamleys Vegas | C113: Ajay Gill | D113: Harsh | E113: 46273 | F113: Wed | G113: 3 to 4 | H113: 7 | I113: 1.5 | J113: 10.5 | K113: 2 | L113: 18 | M113: 0.11111111
A114: 16 | B114: Hamleys Vegas | C114: Ajay Gill | D114: Harsh | E114: 46273 | F114: Wed | G114: 4 to 5 | H114: 7 | I114: 1.5 | J114: 10.5 | K114: 4 | L114: 22 | M114: 0.18181818
A115: 17 | B115: Hamleys Vegas | C115: Ajay Gill | D115: Harsh | E115: 46273 | F115: Wed | G115: 5 to 6 | H115: 7 | I115: 1.5 | J115: 10.5 | K115: 1 | L115: 9 | M115: 0.11111111
A116: 18 | B116: Hamleys Vegas | C116: Ajay Gill | D116: Harsh | E116: 46273 | F116: Wed | G116: 6 to 7 | H116: 7 | I116: 1.5 | J116: 10.5 | K116: 2 | L116: 15 | M116: 0.13333333
A117: 19 | B117: Hamleys Vegas | C117: Ajay Gill | D117: Harsh | E117: 46273 | F117: Wed | G117: 7 to 8 | H117: 4 | I117: 1.5 | J117: 6 | K117: 2 | L117: 18 | M117: 0.11111111
A118: 20 | B118: Hamleys Vegas | C118: Ajay Gill | D118: Harsh | E118: 46273 | F118: Wed | G118: 8 to 9 | H118: 4 | I118: 1.5 | J118: 6 | K118: 4 | L118: 22 | M118: 0.18181818
A119: 21 | B119: Hamleys Vegas | C119: Ajay Gill | D119: Harsh | E119: 46273 | F119: Wed | G119: 9 to 10 | H119: 4 | I119: 1.5 | J119: 6 | K119: 3 | L119: 13 | M119: 0.23076923
B122: 46274
A123: Hours | B123: Store Name | C123: ROM | D123: SD | E123: Date | F123: Day | G123: Time Slot | H123: Staff Present | I123: NOB/Hour | J123: NOB Tgt | K123: NOB Ach | L123: FF | M123: Conv
A124: 11 | B124: Hamleys Vegas | C124: Ajay Gill | D124: Harsh | E124: 46274 | F124: Wed | G124: 11 to 12 | H124: 3 | I124: 1.5 | J124: 4.5 | K124: 2 | L124: 6 | M124: 0.33333333
A125: 12 | B125: Hamleys Vegas | C125: Ajay Gill | D125: Harsh | E125: 46274 | F125: Wed | G125: 12 to 1 | H125: 3 | I125: 1.5 | J125: 4.5 | K125: 1 | L125: 12 | M125: 0.083333333
A126: 13 | B126: Hamleys Vegas | C126: Ajay Gill | D126: Harsh | E126: 46274 | F126: Wed | G126: 1 to 2 | H126: 7 | I126: 1.5 | J126: 10.5 | K126: 4 | L126: 27 | M126: 0.14814815
A127: 14 | B127: Hamleys Vegas | C127: Ajay Gill | D127: Harsh | E127: 46274 | F127: Wed | G127: 2 to 3 | H127: 7 | I127: 1.5 | J127: 10.5 | K127: 1 | L127: 19 | M127: 0.052631579
A128: 15 | B128: Hamleys Vegas | C128: Ajay Gill | D128: Harsh | E128: 46274 | F128: Wed | G128: 3 to 4 | H128: 7 | I128: 1.5 | J128: 10.5 | K128: 3 | L128: 23 | M128: 0.13043478
A129: 16 | B129: Hamleys Vegas | C129: Ajay Gill | D129: Harsh | E129: 46274 | F129: Wed | G129: 4 to 5 | H129: 7 | I129: 1.5 | J129: 10.5 | K129: 3 | L129: 17 | M129: 0.17647059
A130: 17 | B130: Hamleys Vegas | C130: Ajay Gill | D130: Harsh | E130: 46274 | F130: Wed | G130: 5 to 6 | H130: 7 | I130: 1.5 | J130: 10.5 | K130: 1 | L130: 12 | M130: 0.083333333
...

Sheet Master
B2: =TODAY() -> 46291
A3: Hours | B3: Store Name | C3: ROM | D3: SD | E3: Date | F3: Day | G3: Time Slot | H3: Staff Present | I3: NOB/Hour | J3: NOB Tgt | K3: NOB Ach | L3: FF | M3: Conv
A4: 11 | B4: Hamleys Vegas | C4: Ajay Gill | D4: Harsh | E4: =$B$2 -> 46291 | F4: TUE | G4: 11 to 12 | H4: 3 | I4: 1.5 | J4: =I4*H4 -> 4.5 | K4: =IFERROR(VLOOKUP(A4,PIVOT!A:B,2,0),0) -> 2 | L4: 16 | M4: =K4/L4 -> 0.125
A5: 12 | B5: Hamleys Vegas | C5: Ajay Gill | D5: Harsh | E5: =$B$2 -> 46291 | F5: TUE | G5: 12 to 1 | H5: 3 | I5: 1.5 | J5: =I5*H5 -> 4.5 | K5: =IFERROR(VLOOKUP(A5,PIVOT!A:B,2,0),0) -> 4 | L5: 27 | M5: =K5/L5 -> 0.14814815
A6: 13 | B6: Hamleys Vegas | C6: Ajay Gill | D6: Harsh | E6: =$B$2 -> 46291 | F6: TUE | G6: 1 to 2 | H6: 7 | I6: 1.5 | J6: =I6*H6 -> 10.5 | K6: =IFERROR(VLOOKUP(A6,PIVOT!A:B,2,0),0) -> 7 | L6: 41 | M6: =K6/L6 -> 0.17073171
A7: 14 | B7: Hamleys Vegas | C7: Ajay Gill | D7: Harsh | E7: =$B$2 -> 46291 | F7: TUE | G7: 2 to 3 | H7: 7 | I7: 1.5 | J7: =I7*H7 -> 10.5 | K7: =IFERROR(VLOOKUP(A7,PIVOT!A:B,2,0),0) -> 8 | L7: 55 | M7: =K7/L7 -> 0.14545455
A8: 15 | B8: Hamleys Vegas | C8: Ajay Gill | D8: Harsh | E8: =$B$2 -> 46291 | F8: TUE | G8: 3 to 4 | H8: 7 | I8: 1.5 | J8: =I8*H8 -> 10.5 | K8: =IFERROR(VLOOKUP(A8,PIVOT!A:B,2,0),0) -> 10 | L8: 71 | M8: =K8/L8 -> 0.14084507
A9: 16 | B9: Hamleys Vegas | C9: Ajay Gill | D9: Harsh | E9: =$B$2 -> 46291 | F9: TUE | G9: 4 to 5 | H9: 7 | I9: 1.5 | J9: =I9*H9 -> 10.5 | K9: =IFERROR(VLOOKUP(A9,PIVOT!A:B,2,0),0) -> 12 | L9: 62 | M9: =K9/L9 -> 0.19354839
A10: 17 | B10: Hamleys Vegas | C10: Ajay Gill | D10: Harsh | E10: =$B$2 -> 46291 | F10: TUE | G10: 5 to 6 | H10: 7 | I10: 1.5 | J10: =I10*H10 -> 10.5 | K10: =IFERROR(VLOOKUP(A10,PIVOT!A:B,2,0),0) -> 16 | L10: 76 | M10: =K10/L10 -> 0.21052632
A11: 18 | B11: Hamleys Vegas | C11: Ajay Gill | D11: Harsh | E11: =$B$2 -> 46291 | F11: TUE | G11: 6 to 7 | H11: 7 | I11: 1.5 | J11: =I11*H11 -> 10.5 | K11: =IFERROR(VLOOKUP(A11,PIVOT!A:B,2,0),0) -> 11 | L11: 52 | M11: =K11/L11 -> 0.21153846
A12: 19 | B12: Hamleys Vegas | C12: Ajay Gill | D12: Harsh | E12: =$B$2 -> 46291 | F12: TUE | G12: 7 to 8 | H12: 4 | I12: 1.5 | J12: =I12*H12 -> 6 | K12: =IFERROR(VLOOKUP(A12,PIVOT!A:B,2,0),0) -> 0 | M12: =K12/L12 -> #DIV/0!
A13: 20 | B13: Hamleys Vegas | C13: Ajay Gill | D13: Harsh | E13: =$B$2 -> 46291 | F13: TUE | G13: 8 to 9 | H13: 4 | I13: 1.5 | J13: =I13*H13 -> 6 | K13: =IFERROR(VLOOKUP(A13,PIVOT!A:B,2,0),0) -> 0 | M13: =K13/L13 -> #DIV/0!
A14: 21 | B14: Hamleys Vegas | C14: Ajay Gill | D14: Harsh | E14: =$B$2 -> 46291 | F14: TUE | G14: 9 to 10 | H14: 4 | I14: 1.5 | J14: =I14*H14 -> 6 | K14: =IFERROR(VLOOKUP(A14,PIVOT!A:B,2,0),0) -> 0 | M14: =K14/L14 -> #DIV/0!
H415: call is busy

Sheet PIVOT
A3: Row Labels | B3: Sum of Bills
A4: 0 | B4: 1
A5: 11 | B5: 2
A6: 12 | B6: 4
A7: 13 | B7: 7
A8: 16 | B8: 12
A9: 17 | B9: 16
A10: 18 | B10: 11
A11: 14 | B11: 8
A12: 15 | B12: 10
A13: Grand Total | B13: 71

Sheet sale.
A1: TXNID | B1: STORENO | C1: TRANSACTIONTYPE | D1: RECEIPTNO | E1: TRANSDATE | F1: ARTICLESINRECEIPT | G1: BARCODE | H1: QTY | I1: RECEIPTPRICE | J1: PROMOTION | K1: DISCOUNT | L1: TOTALDISCOUNT | M1: NET | N1: TAX | O1: Tax% | P1: ARTICLEDESC | Q1: CASHIER | R1: STATUS | S1: SALESMANCODE | T1: Order_Type | U1: PRODUCT_TYPE | V1: 0 | W1: Hour | X1: Bills
A2: 1 | B2: TLX5 | C2: SALE | D2: TLX5102000126092026 | E2: 46291.467 | F2: 3 | G2: 8904391805119 | H2: 1 | I2: 699 | J2: 0 | K2: 0 | L2: 0 | M2: 699 | N2: 33.28 | O2: 5 | P2: NE MIR 24CM STANDING | Q2: 50170981 | R2: COMPLETED | S2: 50188930 | U2: GnG | V2: 0 | W2: =HOUR(E2) -> 11 | X2: =IF(D2=D1,0,1) -> 1
A3: 1 | B3: TLX5 | C3: SALE | D3: TLX5104000126092026 | E3: 46291.481 | F3: 3 | G3: 8904391805201 | H3: 1 | I3: 999 | J3: 0 | K3: 0 | L3: 0 | M3: 999 | N3: 47.58 | O3: 5 | P3: NE CB 35CM TENDERHEA | Q3: 50157523 | R3: COMPLETED | S3: 50188930 | U3: GnG | V3: 0 | W3: =HOUR(E3) -> 11 | X3: =IF(D3=D2,0,1) -> 1
A4: 5 | B4: TLX5 | C4: SALE | D4: TLX5102000526092026 | E4: 46291.512 | F4: 3 | G4: 194735220809 | H4: 1 | I4: 279 | J4: -69.85 | K4: 0 | L4: -69.85 | M4: 209.15 | N4: 9.96 | O4: 5 | P4: NE UNO SHOW EM NO ME | Q4: 50170981 | R4: COMPLETED | S4: 50188930 | U4: GnG | V4: 0 | W4: =HOUR(E4) -> 12 | X4: =IF(D4=D3,0,1) -> 1
A5: 5 | B5: TLX5 | C5: SALE | D5: TLX5102000526092026 | E5: 46291.512 | F5: 3 | G5: 8909409261154 | H5: 1 | I5: 799 | J5: -200.05 | K5: 0 | L5: -200.05 | M5: 598.95 | N5: 28.52 | O5: 5 | P5: NE 300PC PUZZLECASTL | Q5: 50170981 | R5: COMPLETED | S5: 50188930 | U5: GnG | V5: 0 | W5: =HOUR(E5) -> 12 | X5: =IF(D5=D4,0,1) -> 0
A6: 5 | B6: TLX5 | C6: SALE | D6: TLX5102000526092026 | E6: 46291.512 | F6: 3 | G6: 630509888900 | H6: 1 | I6: 899 | J6: -225.09 | K6: 0 | L6: -225.09 | M6: 673.91 | N6: 32.1 | O6: 5 | P6: HASBRO GMNG MONOPOLY | Q6: 50170981 | R6: COMPLETED | S6: 50188930 | U6: GnG | V6: 0 | W6: =HOUR(E6) -> 12 | X6: =IF(D6=D5,0,1) -> 0
A7: 6 | B7: TLX5 | C7: SALE | D7: TLX5102000626092026 | E7: 46291.515 | F7: 3 | G7: 5010996295545 | H7: 1 | I7: 999 | J7: 0 | K7: 0 | L7: 0 | M7: 999 | N7: 47.58 | O7: 5 | P7: NE TRA GEN PROJECT S | Q7: 50170981 | R7: COMPLETED | S7: 50188930 | U7: GnG | V7: 0 | W7: =HOUR(E7) -> 12 | X7: =IF(D7=D6,0,1) -> 1
A8: 7 | B8: TLX5 | C8: SALE | D8: TLX5102000726092026 | E8: 46291.527 | F8: 3 | G8: 887961751062 | H8: 1 | I8: 185 | J8: 0 | K8: 0 | L8: 0 | M8: 185 | N8: 8.8 | O8: 5 | P8: NE UNO FLIP SIDE | Q8: 50170981 | R8: COMPLETED | S8: 50188930 | U8: GnG | V8: 0 | W8: =HOUR(E8) -> 12 | X8: =IF(D8=D7,0,1) -> 1
A9: 7 | B9: TLX5 | C9: SALE | D9: TLX5102000726092026 | E9: 46291.527 | F9: 3 | G9: 5010994106966 | H9: 1 | I9: 399 | J9: 0 | K9: 0 | L9: 0 | M9: 399 | N9: 19 | O9: 5 | P9: NE NER ELITE 2.0 ACE | Q9: 50170981 | R9: COMPLETED | S9: 50188930 | U9: GnG | V9: 0 | W9: =HOUR(E9) -> 12 | X9: =IF(D9=D8,0,1) -> 0
A10: 8 | B10: TLX5 | C10: SALE | D10: TLX5102000826092026 | E10: 46291.534 | F10: 3 | G10: 195166219387 | H10: 1 | I10: 460 | J10: 0 | K10: 0 | L10: 0 | M10: 460 | N10: 21.9 | O10: 5 | P10: NE NER ELITE 2 0 SLY | Q10: 50170981 | R10: COMPLETED | S10: 50188930 | U10: GnG | V10: 0 | W10: =HOUR(E10) -> 12 | X10: =IF(D10=D9,0,1) -> 1
A11: 9 | B11: TLX5 | C11: SALE | D11: TLX5102000926092026 | E11: 46291.545 | F11: 3 | G11: 8906169660944 | H11: 1 | I11: 1499 | J11: 0 | K11: 0 | L11: 0 | M11: 1499 | N11: 71.38 | O11: 5 | P11: NE BLM DIY UNICORN U | Q11: 50170981 | R11: COMPLETED | S11: 50188930 | U11: GnG | V11: 0 | W11: =HOUR(E11) -> 13 | X11: =IF(D11=D10,0,1) -> 1
A12: 10 | B12: TLX5 | C12: SALE | D12: TLX5102001026092026 | E12: 46291.55 | F12: 3 | G12: 3467452077290 | H12: 1 | I12: 699 | J12: -139.8 | K12: 0 | L12: -139.8 | M12: 559.2 | N12: 26.62 | O12: 5 | P12: NE MJTFARM TRAILER 4 | Q12: 50170981 | R12: COMPLETED | S12: 50000001 | U12: GnG | V12: 0 | W12: =HOUR(E12) -> 13 | X12: =IF(D12=D11,0,1) -> 1
A13: 10 | B13: TLX5 | C13: SALE | D13: TLX5102001026092026 | E13: 46291.55 | F13: 3 | G13: 74299018060 | H13: 1 | I13: 899 | J13: -179.8 | K13: 0 | L13: -179.8 | M13: 719.2 | N13: 34.24 | O13: 5 | P13: HW FIVECAR GIFT PACK | Q13: 50170981 | R13: COMPLETED | S13: 50000001 | U13: GnG | V13: 0 | W13: =HOUR(E13) -> 13 | X13: =IF(D13=D12,0,1) -> 0
A14: 11 | B14: TLX5 | C14: SALE | D14: TLX5102001126092026 | E14: 46291.554 | F14: 3 | G14: 27084120134 | H14: 1 | I14: 179 | J14: 0 | K14: 0 | L14: 0 | M14: 179 | N14: 8.52 | O14: 5 | P14: NE HW BASIC CAR ASST | Q14: 50170981 | R14: COMPLETED | U14: GnG | V14: 0 | W14: =HOUR(E14) -> 13 | X14: =IF(D14=D13,0,1) -> 1
A15: 11 | B15: TLX5 | C15: SALE | D15: TLX5102001126092026 | E15: 46291.554 | F15: 3 | G15: 3467452077368 | H15: 1 | I15: 399 | J15: 0 | K15: 0 | L15: 0 | M15: 399 | N15: 19 | O15: 5 | P15: NE MJT RACING PRM CA | Q15: 50170981 | R15: COMPLETED | S15: 50170981 | U15: GnG | V15: 0 | W15: =HOUR(E15) -> 13 | X15: =IF(D15=D14,0,1) -> 0
A16: 12 | B16: TLX5 | C16: SALE | D16: TLX5102001226092026 | E16: 46291.556 | F16: 3 | G16: 5702018063323 | H16: 1 | I16: 5499 | J16: 0 | K16: 0 | L16: 0 | M16: 5499 | N16: 261.86 | O16: 5 | P16: NE LEGO 76349 SPIDER | Q16: 50170981 | R16: COMPLETED | S16: 50188930 | U16: GnG | V16: 0 | W16: =HOUR(E16) -> 13 | X16: =IF(D16=D15,0,1) -> 1
A17: 13 | B17: TLX5 | C17: SALE | D17: TLX5102001326092026 | E17: 46291.563 | F17: 3 | G17: 194735277582 | H17: 1 | I17: 1099 | J17: 0 | K17: 0 | L17: 0 | M17: 1099 | N17: 52.34 | O17: 5 | P17: NE BARBIE POP STAR D | Q17: 50170981 | R17: COMPLETED | S17: 50195439 | U17: GnG | V17: 0 | W17: =HOUR(E17) -> 13 | X17: =IF(D17=D16,0,1) -> 1
A18: 13 | B18: TLX5 | C18: SALE | D18: TLX5102001326092026 | E18: 46291.563 | F18: 3 | G18: 194735363353 | H18: 1 | I18: 399 | J18: -88.59 | K18: 0 | L18: -88.59 | M18: 310.41 | N18: 14.78 | O18: 5 | P18: NE BRB ENTRY PNK DRE | Q18: 50170981 | R18: COMPLETED | S18: 50195439 | U18: GnG | V18: 0 | W18: =HOUR(E18) -> 13 | X18: =IF(D18=D17,0,1) -> 0
A19: 13 | B19: TLX5 | C19: SALE | D19: TLX5102001326092026 | E19: 46291.563 | F19: 3 | G19: 194735234561 | H19: 1 | I19: 599 | J19: -133 | K19: 0 | L19: -133 | M19: 466 | N19: 22.2 | O19: 5 | P19: NE BARBIE CHELSEA AS | Q19: 50170981 | R19: COMPLETED | U19: GnG | V19: 0 | W19: =HOUR(E19) -> 13 | X19: =IF(D19=D18,0,1) -> 0
A20: 13 | B20: TLX5 | C20: SALE | D20: TLX5102001326092026 | E20: 46291.563 | F20: 3 | G20: 194735339754 | H20: 1 | I20: 799 | J20: -177.41 | K20: 0 | L20: -177.41 | M20: 621.59 | N20: 29.6 | O20: 5 | P20: NE BRB FSHNSTA S1 | Q20: 50170981 | R20: COMPLETED | S20: 50195439 | U20: GnG | V20: 0 | W20: =HOUR(E20) -> 13 | X20: =IF(D20=D19,0,1) -> 0
A21: 14 | B21: TLX5 | C21: SALE | D21: TLX5102001426092026 | E21: 46291.582 | F21: 3 | G21: 8904279514409 | H21: 1 | I21: 1499 | J21: 0 | K21: 0 | L21: 0 | M21: 1499 | N21: 71.38 | O21: 5 | P21: NE CLASSIC MAGIC KIT | Q21: 50170981 | R21: COMPLETED | S21: 50195439 | U21: GnG | V21: 0 | W21: =HOUR(E21) -> 13 | X21: =IF(D21=D20,0,1) -> 1
A22: 15 | B22: TLX5 | C22: SALE | D22: TLX5102001526092026 | E22: 46291.583 | F22: 3 | G22: 194735284931 | H22: 1 | I22: 449 | J22: 0 | K22: 0 | L22: 0 | M22: 449 | N22: 21.38 | O22: 5 | P22: NE MT MBX SKYBUSTERS | Q22: 50170981 | R22: COMPLETED | S22: 50170981 | U22: GnG | V22: 0 | W22: =HOUR(E22) -> 13 | X22: =IF(D22=D21,0,1) -> 1
A23: 15 | B23: TLX5 | C23: SALE | D23: TLX5102001526092026 | E23: 46291.583 | F23: 3 | G23: 8906134711299 | H23: 1 | I23: 499 | J23: -299.4 | K23: 0 | L23: -299.4 | M23: 199.6 | N23: 9.5 | O23: 5 | P23: NE MIGHTY MACHINES B | Q23: 50170981 | R23: COMPLETED | S23: 50170981 | U23: GnG | V23: 0 | W23: =HOUR(E23) -> 13 | X23: =IF(D23=D22,0,1) -> 0
A24: 17 | B24: TLX5 | C24: SALE | D24: TLX5102001726092026 | E24: 46291.586 | F24: 3 | G24: 8905672078727 | H24: 1 | I24: 1099 | J24: 0 | K24: 0 | L24: 0 | M24: 1099 | N24: 52.34 | O24: 5 | P24: NE SL 53CM LYING UNI | Q24: 50170981 | R24: COMPLETED | U24: GnG | V24: 0 | W24: =HOUR(E24) -> 14 | X24: =IF(D24=D23,0,1) -> 1
A25: 17 | B25: TLX5 | C25: SALE | D25: TLX5102001726092026 | E25: 46291.586 | F25: 3 | G25: 8904432220918 | H25: 1 | I25: 599 | J25: 0 | K25: 0 | L25: 0 | M25: 599 | N25: 28.52 | O25: 5 | P25: NE BIG EYE GIRAFFE 2 | Q25: 50170981 | R25: COMPLETED | S25: 50188930 | U25: GnG | V25: 0 | W25: =HOUR(E25) -> 14 | X25: =IF(D25=D24,0,1) -> 0
A26: 3 | B26: TLX5 | C26: SALE | D26: TLX5104000326092026 | E26: 46291.59 | F26: 3 | G26: 8905450027411 | H26: 1 | I26: 1599 | J26: -799.5 | K26: 0 | L26: -799.5 | M26: 799.5 | N26: 38.08 | O26: 5 | P26: NE YK KNOWLEDGE JACK | Q26: 50157523 | R26: COMPLETED | S26: 50195907 | U26: GnG | V26: 0 | W26: =HOUR(E26) -> 14 | X26: =IF(D26=D25,0,1) -> 1
A27: 3 | B27: TLX5 | C27: SALE | D27: TLX5104000326092026 | E27: 46291.59 | F27: 3 | G27: 8905450027398 | H27: 1 | I27: 1799 | J27: -899.5 | K27: 0 | L27: -899.5 | M27: 899.5 | N27: 42.84 | O27: 5 | P27: NE YK EXPLORE SPACE | Q27: 50157523 | R27: COMPLETED | U27: GnG | V27: 0 | W27: =HOUR(E27) -> 14 | X27: =IF(D27=D26,0,1) -> 0
A28: 18 | B28: TLX5 | C28: SALE | D28: TLX5102001826092026 | E28: 46291.594 | F28: 3 | G28: 8905672075528 | H28: 1 | I28: 2499 | J28: 0 | K28: 0 | L28: 0 | M28: 2499 | N28: 119 | O28: 5 | P28: NE ROLEPLAYMILITARYS | Q28: 50170981 | R28: COMPLETED | U28: GnG | V28: 0 | W28: =HOUR(E28) -> 14 | X28: =IF(D28=D27,0,1) -> 1
A29: 19 | B29: TLX5 | C29: SALE | D29: TLX5102001926092026 | E29: 46291.599 | F29: 3 | G29: 194735284931 | H29: 1 | I29: 449 | J29: 0 | K29: 0 | L29: 0 | M29: 449 | N29: 21.38 | O29: 5 | P29: NE MT MBX SKYBUSTERS | Q29: 50170981 | R29: COMPLETED | S29: 50151682 | U29: GnG | V29: 0 | W29: =HOUR(E29) -> 14 | X29: =IF(D29=D28,0,1) -> 1
A30: 21 | B30: TLX5 | C30: SALE | D30: TLX5102002126092026 | E30: 46291.602 | F30: 3 | G30: 8905450074064 | H30: 1 | I30: 79 | J30: 0 | K30: 0 | L30: 0 | M30: 79 | N30: 3.76 | O30: 5 | P30: NE BUBBLE WAND | Q30: 50170981 | R30: COMPLETED | U30: GnG | V30: 0 | W30: =HOUR(E30) -> 14 | X30: =IF(D30=D29,0,1) -> 1
A31: 22 | B31: TLX5 | C31: SALE | D31: TLX5102002226092026 | E31: 46291.604 | F31: 3 | G31: 778988661222 | H31: 1 | I31: 1499 | J31: -299.8 | K31: 0 | L31: -299.8 | M31: 1199.2 | N31: 182.92 | O31: 18 | P31: E WINMAGIC WOBBLY WO | Q31: 50170981 | R31: COMPLETED | U31: GnG | V31: 0 | W31: =HOUR(E31) -> 14 | X31: =IF(D31=D30,0,1) -> 1
A32: 23 | B32: TLX5 | C32: SALE | D32: TLX5102002326092026 | E32: 46291.609 | F32: 3 | G32: 8904027127288 | H32: 1 | I32: 1499 | J32: 0 | K32: 0 | L32: 0 | M32: 1499 | N32: 228.66 | O32: 18 | P32: E KOP 27PCS KITCHEN | Q32: 50170981 | R32: COMPLETED | S32: 50188930 | U32: GnG | V32: 0 | W32: =HOUR(E32) -> 14 | X32: =IF(D32=D31,0,1) -> 1
A33: 4 | B33: TLX5 | C33: SALE | D33: TLX5104000426092026 | E33: 46291.611 | F33: 3 | G33: 4501517003455 | H33: 1 | I33: 499 | J33: 0 | K33: 0 | L33: 0 | M33: 499 | N33: 23.76 | O33: 5 | P33: NE PLAYSHIFU AQUATIC | Q33: 50157523 | R33: COMPLETED | S33: 50000003 | U33: GnG | V33: 0 | W33: =HOUR(E33) -> 14 | X33: =IF(D33=D32,0,1) -> 1
A34: 4 | B34: TLX5 | C34: SALE | D34: TLX5104000426092026 | E34: 46291.611 | F34: 3 | G34: 8908013692385 | H34: 1 | I34: 499 | J34: 0 | K34: 0 | L34: 0 | M34: 499 | N34: 23.76 | O34: 5 | P34: NE PLAYSHIFU SOLAR S | Q34: 50157523 | R34: COMPLETED | S34: 50000003 | U34: GnG | V34: 0 | W34: =HOUR(E34) -> 14 | X34: =IF(D34=D33,0,1) -> 0
A35: 4 | B35: TLX5 | C35: SALE | D35: TLX5104000426092026 | E35: 46291.611 | F35: 3 | G35: 8909409286041 | H35: 1 | I35: 799 | J35: 0 | K35: 0 | L35: 0 | M35: 799 | N35: 121.88 | O35: 18 | P35: E HOVER FOOTBALL GRE | Q35: 50157523 | R35: COMPLETED | S35: 50000003 | U35: GnG | V35: 0 | W35: =HOUR(E35) -> 14 | X35: =IF(D35=D34,0,1) -> 0
A36: 4 | B36: TLX5 | C36: SALE | D36: TLX5104000426092026 | E36: 46291.611 | F36: 3 | G36: 8906169660821 | H36: 1 | I36: 799 | J36: 0 | K36: 0 | L36: 0 | M36: 799 | N36: 38.04 | O36: 5 | P36: NE DABBLE ABC WITH A | Q36: 50157523 | R36: COMPLETED | S36: 50000003 | U36: GnG | V36: 0 | W36: =HOUR(E36) -> 14 | X36: =IF(D36=D35,0,1) -> 0
A37: 5 | B37: TLX5 | C37: SALE | D37: TLX5104000526092026 | E37: 46291.626 | F37: 3 | G37: 194735358878 | H37: 1 | I37: 299 | J37: 0 | K37: 0 | L37: 0 | M37: 299 | N37: 14.24 | O37: 5 | P37: NE HW AUTOMOTIVE ASS | Q37: 50157523 | R37: COMPLETED | S37: 50157523 | U37: GnG | V37: 0 | W37: =HOUR(E37) -> 15 | X37: =IF(D37=D36,0,1) -> 1
A38: 5 | B38: TLX5 | C38: SALE | D38: TLX5104000526092026 | E38: 46291.626 | F38: 3 | G38: 887961672039 | H38: 1 | I38: 399 | J38: 0 | K38: 0 | L38: 0 | M38: 399 | N38: 19 | O38: 5 | P38: NE MATCHBOX BASIC CA | Q38: 50157523 | R38: COMPLETED | S38: 50157523 | U38: GnG | V38: 0 | W38: =HOUR(E38) -> 15 | X38: =IF(D38=D37,0,1) -> 0
A39: 26 | B39: TLX5 | C39: SALE | D39: TLX5102002626092026 | E39: 46291.632 | F39: 3 | G39: 8907653097178 | H39: 1 | I39: 295 | J39: 0 | K39: 0 | L39: 0 | M39: 295 | N39: 14.04 | O39: 5 | Q39: 50170981 | R39: COMPLETED | U39: GnG | V39: 0 | W39: =HOUR(E39) -> 15 | X39: =IF(D39=D38,0,1) -> 1
A40: 26 | B40: TLX5 | C40: SALE | D40: TLX5102002626092026 | E40: 46291.632 | F40: 3 | G40: 8904279514874 | H40: 1 | I40: 599 | J40: 0 | K40: 0 | L40: 0 | M40: 599 | N40: 28.52 | O40: 5 | P40: NE SKM SNIP SNIP DIS | Q40: 50170981 | R40: COMPLETED | S40: 50000002 | U40: GnG | V40: 0 | W40: =HOUR(E40) -> 15 | X40: =IF(D40=D39,0,1) -> 0
A41: 26 | B41: TLX5 | C41: SALE | D41: TLX5102002626092026 | E41: 46291.632 | F41: 3 | G41: 8904384300539 | H41: 1 | I41: 899 | J41: -539.4 | K41: 0 | L41: -539.4 | M41: 359.6 | N41: 17.12 | O41: 5 | Q41: 50170981 | R41: COMPLETED | S41: 50000002 | U41: GnG | V41: 0 | W41: =HOUR(E41) -> 15 | X41: =IF(D41=D40,0,1) -> 0
A42: 27 | B42: TLX5 | C42: SALE | D42: TLX5102002726092026 | E42: 46291.634 | F42: 3 | G42: 8904027123310 | H42: 1 | I42: 899 | J42: 0 | K42: 0 | L42: 0 | M42: 899 | N42: 42.8 | O42: 5 | P42: NE SS ROLLING ANIMAL | Q42: 50170981 | R42: COMPLETED | S42: 50000003 | U42: GnG | V42: 0 | W42: =HOUR(E42) -> 15 | X42: =IF(D42=D41,0,1) -> 1
A43: 27 | B43: TLX5 | C43: SALE | D43: TLX5102002726092026 | E43: 46291.634 | F43: 3 | G43: 8904279522329 | H43: 1 | I43: 999 | J43: 0 | K43: 0 | L43: 0 | M43: 999 | N43: 47.58 | O43: 5 | P43: NE SKM MY ARTSY STAS | Q43: 50170981 | R43: COMPLETED | S43: 50000003 | U43: GnG | V43: 0 | W43: =HOUR(E43) -> 15 | X43: =IF(D43=D42,0,1) -> 0
A44: 6 | B44: TLX5 | C44: SALE | D44: TLX5104000626092026 | E44: 46291.634 | F44: 3 | G44: 8905450036819 | H44: 1 | I44: 1499 | J44: 0 | K44: 0 | L44: 0 | M44: 1499 | N44: 71.38 | O44: 5 | P44: NE SS ALPHA NUMBER P | Q44: 50157523 | R44: COMPLETED | S44: 50195907 | U44: GnG | V44: 0 | W44: =HOUR(E44) -> 15 | X44: =IF(D44=D43,0,1) -> 1
A45: 6 | B45: TLX5 | C45: SALE | D45: TLX5104000626092026 | E45: 46291.634 | F45: 3 | G45: 8907653082358 | H45: 1 | I45: 295 | J45: 0 | K45: 0 | L45: 0 | M45: 295 | N45: 45 | O45: 18 | P45: STOLN PEN 25 21288 4 | Q45: 50157523 | R45: COMPLETED | U45: GnG | V45: 0 | W45: =HOUR(E45) -> 15 | X45: =IF(D45=D44,0,1) -> 0
A46: 6 | B46: TLX5 | C46: SALE | D46: TLX5104000626092026 | E46: 46291.634 | F46: 3 | G46: 8907653106153 | H46: 1 | I46: 325 | J46: 0 | K46: 0 | L46: 0 | M46: 325 | N46: 49.58 | O46: 18 | Q46: 50157523 | R46: COMPLETED | U46: GnG | V46: 0 | W46: =HOUR(E46) -> 15 | X46: =IF(D46=D45,0,1) -> 0
A47: 6 | B47: TLX5 | C47: SALE | D47: TLX5104000626092026 | E47: 46291.634 | F47: 3 | G47: 8904520801401 | H47: 1 | I47: 699 | J47: 0 | K47: 0 | L47: 0 | M47: 699 | N47: 33.28 | O47: 5 | P47: NE 4IN FIG MVL AVN T | Q47: 50157523 | R47: COMPLETED | S47: 50195907 | U47: GnG | V47: 0 | W47: =HOUR(E47) -> 15 | X47: =IF(D47=D46,0,1) -> 0
A48: 6 | B48: TLX5 | C48: SALE | D48: TLX5104000626092026 | E48: 46291.634 | F48: 3 | G48: 8904279501683 | H48: 1 | I48: 699 | J48: 0 | K48: 0 | L48: 0 | M48: 699 | N48: 33.28 | O48: 5 | P48: NE RAPID RUMBLE | Q48: 50157523 | R48: COMPLETED | S48: 50195907 | U48: GnG | V48: 0 | W48: =HOUR(E48) -> 15 | X48: =IF(D48=D47,0,1) -> 0
A49: 6 | B49: TLX5 | C49: SALE | D49: TLX5104000626092026 | E49: 46291.634 | F49: 3 | G49: 8904027127257 | H49: 1 | I49: 99 | J49: -6.19 | K49: 0 | L49: -6.19 | M49: 92.81 | N49: 4.42 | O49: 5 | P49: NE ZOOZI BUBBLE TUBE | Q49: 50157523 | R49: COMPLETED | S49: 50195907 | U49: GnG | V49: 0 | W49: =HOUR(E49) -> 15 | X49: =IF(D49=D48,0,1) -> 0
A50: 8 | B50: TLX5 | C50: SALE | D50: TLX5104000826092026 | E50: 46291.642 | F50: 3 | G50: 778988435922 | H50: 1 | I50: 2799 | J50: 0 | K50: 0 | L50: 0 | M50: 2799 | N50: 133.28 | O50: 5 | P50: NE PAW FGR ALL PAWS | Q50: 50157523 | R50: COMPLETED | S50: 50000002 | U50: GnG | V50: 0 | W50: =HOUR(E50) -> 15 | X50: =IF(D50=D49,0,1) -> 1
A51: 28 | B51: TLX5 | C51: SALE | D51: TLX5102002826092026 | E51: 46291.646 | F51: 3 | G51: 8904432220956 | H51: 1 | I51: 599 | J51: 0 | K51: 0 | L51: 0 | M51: 599 | N51: 28.52 | O51: 5 | P51: NE BIG EYE PENGUIN 2 | Q51: 50170981 | R51: COMPLETED | S51: 50188930 | U51: GnG | V51: 0 | W51: =HOUR(E51) -> 15 | X51: =IF(D51=D50,0,1) -> 1
A52: 30 | B52: TLX5 | C52: SALE | D52: TLX5102003026092026 | E52: 46291.649 | F52: 3 | G52: 8909409263608 | H52: 1 | I52: 1299 | J52: 0 | K52: 0 | L52: 0 | M52: 1299 | N52: 61.86 | O52: 5 | P52: NE FB AVT HORSE 30CM | Q52: 50170981 | R52: COMPLETED | S52: 50000002 | U52: GnG | V52: 0 | W52: =HOUR(E52) -> 15 | X52: =IF(D52=D51,0,1) -> 1
A53: 30 | B53: TLX5 | C53: SALE | D53: TLX5102003026092026 | E53: 46291.649 | F53: 3 | G53: 8908022297861 | H53: 1 | I53: 999 | J53: 0 | K53: 0 | L53: 0 | M53: 999 | N53: 0 | O53: 0 | P53: NE CC MONTESSORI FIR | Q53: 50170981 | R53: COMPLETED | S53: 50000002 | U53: GnG | V53: 0 | W53: =HOUR(E53) -> 15 | X53: =IF(D53=D52,0,1) -> 0
A54: 34 | B54: TLX5 | C54: SALE | D54: TLX5102003426092026 | E54: 46291.658 | F54: 3 | G54: 8907653091381 | H54: 1 | I54: 395 | J54: 0 | K54: 0 | L54: 0 | M54: 395 | N54: 18.8 | O54: 5 | P54: HAIR BAND 25 3884 9 | Q54: 50170981 | R54: COMPLETED | U54: GnG | V54: 0 | W54: =HOUR(E54) -> 15 | X54: =IF(D54=D53,0,1) -> 1
A55: 36 | B55: TLX5 | C55: SALE | D55: TLX5102003626092026 | E55: 46291.659 | F55: 3 | G55: 8909409261604 | H55: 1 | I55: 799 | J55: -181.76 | K55: 0 | L55: -181.76 | M55: 617.24 | N55: 29.4 | O55: 5 | P55: NE FB V DAY BEAR WHI | Q55: 50170981 | R55: COMPLETED | S55: 50000003 | U55: GnG | V55: 0 | W55: =HOUR(E55) -> 15 | X55: =IF(D55=D54,0,1) -> 1
A56: 36 | B56: TLX5 | C56: SALE | D56: TLX5102003626092026 | E56: 46291.659 | F56: 3 | G56: 74299018060 | H56: 1 | I56: 899 | J56: -204.5 | K56: 0 | L56: -204.5 | M56: 694.5 | N56: 33.08 | O56: 5 | P56: HW FIVECAR GIFT PACK | Q56: 50170981 | R56: COMPLETED | S56: 50195907 | U56: GnG | V56: 0 | W56: =HOUR(E56) -> 15 | X56: =IF(D56=D55,0,1) -> 0
A57: 9 | B57: TLX5 | C57: SALE | D57: TLX5104000926092026 | E57: 46291.662 | F57: 3 | G57: 74299018060 | H57: 1 | I57: 899 | J57: 0 | K57: 0 | L57: 0 | M57: 899 | N57: 42.8 | O57: 5 | P57: HW FIVECAR GIFT PACK | Q57: 50157523 | R57: COMPLETED | S57: 50188930 | U57: GnG | V57: 0 | W57: =HOUR(E57) -> 15 | X57: =IF(D57=D56,0,1) -> 1
A58: 9 | B58: TLX5 | C58: SALE | D58: TLX5104000926092026 | E58: 46291.662 | F58: 3 | G58: 8906169662467 | H58: 1 | I58: 999 | J58: 0 | K58: 0 | L58: 0 | M58: 999 | N58: 152.38 | O58: 18 | P58: E BLMG ICECREAM BUBB | Q58: 50157523 | R58: COMPLETED | S58: 50000003 | U58: GnG | V58: 0 | W58: =HOUR(E58) -> 15 | X58: =IF(D58=D57,0,1) -> 0
A59: 43 | B59: TLX5 | C59: SALE | D59: TLX5102004326092026 | E59: 46291.685 | F59: 3 | G59: 8904520800701 | H59: 1 | I59: 1199 | J59: -444.18 | K59: 0 | L59: -444.18 | M59: 754.82 | N59: 35.94 | O59: 5 | P59: NE MVL ROLE PLAY MAS | Q59: 50170981 | R59: COMPLETED | S59: 50195907 | U59: GnG | V59: 0 | W59: =HOUR(E59) -> 16 | X59: =IF(D59=D58,0,1) -> 1
A60: 43 | B60: TLX5 | C60: SALE | D60: TLX5102004326092026 | E60: 46291.685 | F60: 3 | G60: 8904520800701 | H60: 1 | I60: 1199 | J60: -444.18 | K60: 0 | L60: -444.18 | M60: 754.82 | N60: 35.94 | O60: 5 | P60: NE MVL ROLE PLAY MAS | Q60: 50170981 | R60: COMPLETED | S60: 50195907 | U60: GnG | V60: 0 | W60: =HOUR(E60) -> 16 | X60: =IF(D60=D59,0,1) -> 0
A61: 43 | B61: TLX5 | C61: SALE | D61: TLX5102004326092026 | E61: 46291.685 | F61: 3 | G61: 494500285 | H61: 1 | I61: 1999 | J61: -740.55 | K61: 0 | L61: -740.55 | M61: 1258.45 | N61: 191.96 | O61: 18 | P61: NE REDCARD TOTE BAG | Q61: 50170981 | R61: COMPLETED | U61: GnG | V61: 0 | W61: =HOUR(E61) -> 16 | X61: =IF(D61=D60,0,1) -> 0
A62: 43 | B62: TLX5 | C62: SALE | D62: TLX5102004326092026 | E62: 46291.685 | F62: 3 | G62: 8904520800657 | H62: 1 | I62: 999 | J62: -370.09 | K62: 0 | L62: -370.09 | M62: 628.91 | N62: 29.94 | O62: 5 | P62: NE MVL ROLE PLAY MAS | Q62: 50170981 | R62: COMPLETED | S62: 50195907 | U62: GnG | V62: 0 | W62: =HOUR(E62) -> 16 | X62: =IF(D62=D61,0,1) -> 0
A63: 14 | B63: TLX5 | C63: SALE | D63: TLX5104001426092026 | E63: 46291.685 | F63: 3 | G63: 78206020016 | H63: 1 | I63: 149 | J63: 0 | K63: 0 | L63: 0 | M63: 149 | N63: 7.1 | O63: 5 | P63: MATTEL GAMES UNO PLA | Q63: 50157523 | R63: COMPLETED | S63: 50201915 | U63: GnG | V63: 0 | W63: =HOUR(E63) -> 16 | X63: =IF(D63=D62,0,1) -> 1
A64: 44 | B64: TLX5 | C64: SALE | D64: TLX5102004426092026 | E64: 46291.687 | F64: 3 | G64: 8904384330079 | H64: 1 | I64: 1999 | J64: -571.1 | K64: 0 | L64: -571.1 | M64: 1427.9 | N64: 217.82 | O64: 18 | P64: E RC SPD FIVE WHEEL | Q64: 50170981 | R64: COMPLETED | S64: 50195907 | U64: GnG | V64: 0 | W64: =HOUR(E64) -> 16 | X64: =IF(D64=D63,0,1) -> 1
A65: 44 | B65: TLX5 | C65: SALE | D65: TLX5102004426092026 | E65: 46291.687 | F65: 3 | G65: 494500285 | H65: 1 | I65: 1999 | J65: -571.1 | K65: 0 | L65: -571.1 | M65: 1427.9 | N65: 217.82 | O65: 18 | P65: NE REDCARD TOTE BAG | Q65: 50170981 | R65: COMPLETED | U65: GnG | V65: 0 | W65: =HOUR(E65) -> 16 | X65: =IF(D65=D64,0,1) -> 0
A66: 44 | B66: TLX5 | C66: SALE | D66: TLX5102004426092026 | E66: 46291.687 | F66: 3 | G66: 8904384330062 | H66: 1 | I66: 2499 | J66: -713.95 | K66: 0 | L66: -713.95 | M66: 1785.05 | N66: 272.3 | O66: 18 | P66: E RC CA CLIMB AND GA | Q66: 50170981 | R66: COMPLETED | S66: 50195907 | U66: GnG | V66: 0 | W66: =HOUR(E66) -> 16 | X66: =IF(D66=D65,0,1) -> 0
A67: 45 | B67: TLX5 | C67: SALE | D67: TLX5102004526092026 | E67: 46291.688 | F67: 3 | G67: 5000394121171 | H67: 1 | I67: 120 | J67: -34.78 | K67: 0 | L67: -34.78 | M67: 85.22 | N67: 13 | O67: 18 | P67: AA 2 CB | Q67: 50170981 | R67: COMPLETED | U67: GnG | V67: 0 | W67: =HOUR(E67) -> 16 | X67: =IF(D67=D66,0,1) -> 1
A68: 45 | B68: TLX5 | C68: SALE | D68: TLX5102004526092026 | E68: 46291.688 | F68: 3 | G68: 5000394121171 | H68: 1 | I68: 120 | J68: -34.78 | K68: 0 | L68: -34.78 | M68: 85.22 | N68: 13 | O68: 18 | P68: AA 2 CB | Q68: 50170981 | R68: COMPLETED | U68: GnG | V68: 0 | W68: =HOUR(E68) -> 16 | X68: =IF(D68=D67,0,1) -> 0
A69: 45 | B69: TLX5 | C69: SALE | D69: TLX5102004526092026 | E69: 46291.688 | F69: 3 | G69: 5000394121171 | H69: 1 | I69: 120 | J69: -34.78 | K69: 0 | L69: -34.78 | M69: 85.22 | N69: 13 | O69: 18 | P69: AA 2 CB | Q69: 50170981 | R69: COMPLETED | U69: GnG | V69: 0 | W69: =HOUR(E69) -> 16 | X69: =IF(D69=D68,0,1) -> 0
A70: 45 | B70: TLX5 | C70: SALE | D70: TLX5102004526092026 | E70: 46291.688 | F70: 3 | G70: 5000394121171 | H70: 1 | I70: 120 | J70: -34.78 | K70: 0 | L70: -34.78 | M70: 85.22 | N70: 13 | O70: 18 | P70: AA 2 CB | Q70: 50170981 | R70: COMPLETED | U70: GnG | V70: 0 | W70: =HOUR(E70) -> 16 | X70: =IF(D70=D69,0,1) -> 0
A71: 45 | B71: TLX5 | C71: SALE | D71: TLX5102004526092026 | E71: 46291.688 | F71: 3 | G71: 5000394121171 | H71: 1 | I71: 120 | J71: -34.78 | K71: 0 | L71: -34.78 | M71: 85.22 | N71: 13 | O71: 18 | P71: AA 2 CB | Q71: 50170981 | R71: COMPLETED | U71: GnG | V71: 0 | W71: =HOUR(E71) -> 16 | X71: =IF(D71=D70,0,1) -> 0
A72: 45 | B72: TLX5 | C72: SALE | D72: TLX5102004526092026 | E72: 46291.688 | F72: 3 | G72: 494500285 | H72: 1 | I72: 1999 | J72: -579.27 | K72: 0 | L72: -579.27 | M72: 1419.73 | N72: 216.56 | O72: 18 | P72: NE REDCARD TOTE BAG | Q72: 50170981 | R72: COMPLETED | U72: GnG | V72: 0 | W72: =HOUR(E72) -> 16 | X72: =IF(D72=D71,0,1) -> 0
A73: 45 | B73: TLX5 | C73: SALE | D73: TLX5102004526092026 | E73: 46291.688 | F73: 3 | G73: 8904384330093 | H73: 1 | I73: 4299 | J73: -1245.83 | K73: 0 | L73: -1245.83 | M73: 3053.17 | N73: 465.74 | O73: 18 | P73: E RC SPD THWIP AND D | Q73: 50170981 | R73: COMPLETED | S73: 50195907 | U73: GnG | V73: 0 | W73: =HOUR(E73) -> 16 | X73: =IF(D73=D72,0,1) -> 0
A74: 17 | B74: TLX5 | C74: SALE | D74: TLX5104001726092026 | E74: 46291.689 | F74: 3 | G74: 5702017815268 | H74: 1 | I74: 2290 | J74: -348.13 | K74: 0 | L74: -348.13 | M74: 1941.87 | N74: 92.48 | O74: 5 | P74: NE LEGO 42659 FRIEND | Q74: 50157523 | R74: COMPLETED | S74: 50195439 | U74: GnG | V74: 0 | W74: =HOUR(E74) -> 16 | X74: =IF(D74=D73,0,1) -> 1
A75: 17 | B75: TLX5 | C75: SALE | D75: TLX5104001726092026 | E75: 46291.689 | F75: 3 | G75: 8906134713286 | H75: 1 | I75: 999 | J75: -151.87 | K75: 0 | L75: -151.87 | M75: 847.13 | N75: 40.34 | O75: 5 | P75: NE LIL DIVA PRINCESS | Q75: 50157523 | R75: COMPLETED | S75: 50195439 | U75: GnG | V75: 0 | W75: =HOUR(E75) -> 16 | X75: =IF(D75=D74,0,1) -> 0
A76: 47 | B76: TLX5 | C76: SALE | D76: TLX5102004726092026 | E76: 46291.692 | F76: 3 | G76: 27084120134 | H76: 1 | I76: 179 | J76: 0 | K76: 0 | L76: 0 | M76: 179 | N76: 8.52 | O76: 5 | P76: NE HW BASIC CAR ASST | Q76: 50170981 | R76: COMPLETED | U76: GnG | V76: 0 | W76: =HOUR(E76) -> 16 | X76: =IF(D76=D75,0,1) -> 1
A77: 49 | B77: TLX5 | C77: SALE | D77: TLX5102004926092026 | E77: 46291.695 | F77: 3 | G77: 8905672361010 | H77: 1 | I77: 179 | J77: -80 | K77: 0 | L77: -80 | M77: 99 | N77: 4.72 | O77: 5 | P77: NE RALLEYZ DIECAST S | Q77: 50170981 | R77: COMPLETED | S77: 50105787 | U77: GnG | V77: 0 | W77: =HOUR(E77) -> 16 | X77: =IF(D77=D76,0,1) -> 1
A78: 49 | B78: TLX5 | C78: SALE | D78: TLX5102004926092026 | E78: 46291.695 | F78: 3 | G78: 3467452062647 | H78: 1 | I78: 549 | J78: 0 | K78: 0 | L78: 0 | M78: 549 | N78: 26.14 | O78: 5 | P78: NE MONSTER ROCKERZ C | Q78: 50170981 | R78: COMPLETED | S78: 50105787 | U78: GnG | V78: 0 | W78: =HOUR(E78) -> 16 | X78: =IF(D78=D77,0,1) -> 0
A79: 49 | B79: TLX5 | C79: SALE | D79: TLX5102004926092026 | E79: 46291.695 | F79: 3 | G79: 8906067981226 | H79: 1 | I79: 799 | J79: 0 | K79: 0 | L79: 0 | M79: 799 | N79: 38.04 | O79: 5 | P79: NE SB ASST PLAYTOY | Q79: 50170981 | R79: COMPLETED | S79: 50105787 | U79: GnG | V79: 0 | W79: =HOUR(E79) -> 16 | X79: =IF(D79=D78,0,1) -> 0
A80: 50 | B80: TLX5 | C80: SALE | D80: TLX5102005026092026 | E80: 46291.698 | F80: 3 | G80: 8909409261505 | H80: 1 | I80: 2499 | J80: -374.85 | K80: 0 | L80: -374.85 | M80: 2124.15 | N80: 101.16 | O80: 5 | P80: NE GIFT SET SILICON | Q80: 50170981 | R80: COMPLETED | S80: 50105787 | U80: GnG | V80: 0 | W80: =HOUR(E80) -> 16 | X80: =IF(D80=D79,0,1) -> 1
A81: 18 | B81: TLX5 | C81: SALE | D81: TLX5104001826092026 | E81: 46291.698 | F81: 3 | G81: 8904432220864 | H81: 1 | I81: 799 | J81: 0 | K81: 0 | L81: 0 | M81: 799 | N81: 38.04 | O81: 5 | P81: NE SLOH RAINBOW 30CM | Q81: 50157523 | R81: COMPLETED | S81: 50201915 | U81: GnG | V81: 0 | W81: =HOUR(E81) -> 16 | X81: =IF(D81=D80,0,1) -> 1
A82: 21 | B82: TLX5 | C82: SALE | D82: TLX5104002126092026 | E82: 46291.701 | F82: 3 | G82: 8905672336254 | H82: 1 | I82: 249 | J82: 0 | K82: 0 | L82: 0 | M82: 249 | N82: 11.86 | O82: 5 | P82: NE DINO RING TOSS GA | Q82: 50157523 | R82: COMPLETED | S82: 50105787 | U82: GnG | V82: 0 | W82: =HOUR(E82) -> 16 | X82: =IF(D82=D81,0,1) -> 1
A83: 21 | B83: TLX5 | C83: SALE | D83: TLX5104002126092026 | E83: 46291.701 | F83: 3 | G83: 8905672336254 | H83: 1 | I83: 249 | J83: 0 | K83: 0 | L83: 0 | M83: 249 | N83: 11.86 | O83: 5 | P83: NE DINO RING TOSS GA | Q83: 50157523 | R83: COMPLETED | S83: 50105787 | U83: GnG | V83: 0 | W83: =HOUR(E83) -> 16 | X83: =IF(D83=D82,0,1) -> 0
A84: 21 | B84: TLX5 | C84: SALE | D84: TLX5104002126092026 | E84: 46291.701 | F84: 3 | G84: 887961705393 | H84: 1 | I84: 549 | J84: 0 | K84: 0 | L84: 0 | M84: 549 | N84: 26.14 | O84: 5 | P84: NE MT 164 BASIC ASST | Q84: 50157523 | R84: COMPLETED | S84: 50105787 | U84: GnG | V84: 0 | W84: =HOUR(E84) -> 16 | X84: =IF(D84=D83,0,1) -> 0
A85: 51 | B85: TLX5 | C85: SALE | D85: TLX5102005126092026 | E85: 46291.703 | F85: 3 | G85: 5050048168892 | H85: 1 | I85: 1799 | J85: -1349.25 | K85: 0 | L85: -1349.25 | M85: 449.75 | N85: 21.42 | O85: 5 | P85: NE ELC BUILD IT BITS | Q85: 50170981 | R85: COMPLETED | S85: 50105787 | U85: GnG | V85: 0 | W85: =HOUR(E85) -> 16 | X85: =IF(D85=D84,0,1) -> 1
A86: 51 | B86: TLX5 | C86: SALE | D86: TLX5102005126092026 | E86: 46291.703 | F86: 3 | G86: 630509877379 | H86: 1 | I86: 699 | J86: -524.25 | K86: 0 | L86: -524.25 | M86: 174.75 | N86: 8.32 | O86: 5 | P86: NE NER ALPHA STRIKE | Q86: 50170981 | R86: COMPLETED | S86: 50105787 | U86: GnG | V86: 0 | W86: =HOUR(E86) -> 16 | X86: =IF(D86=D85,0,1) -> 0
A87: 51 | B87: TLX5 | C87: SALE | D87: TLX5102005126092026 | E87: 46291.703 | F87: 3 | G87: 8904153507305 | H87: 1 | I87: 699 | J87: -524.25 | K87: 0 | L87: -524.25 | M87: 174.75 | N87: 8.32 | O87: 5 | P87: NE SS OP MY FIRST TR | Q87: 50170981 | R87: COMPLETED | S87: 50105787 | U87: GnG | V87: 0 | W87: =HOUR(E87) -> 16 | X87: =IF(D87=D86,0,1) -> 0
A88: 51 | B88: TLX5 | C88: SALE | D88: TLX5102005126092026 | E88: 46291.703 | F88: 3 | G88: 630509948079 | H88: 1 | I88: 999 | J88: -749.25 | K88: 0 | L88: -749.25 | M88: 249.75 | N88: 38.1 | O88: 18 | P88: E NERF VOLT SD1 ELIT | Q88: 50170981 | R88: COMPLETED | S88: 50105787 | U88: GnG | V88: 0 | W88: =HOUR(E88) -> 16 | X88: =IF(D88=D87,0,1) -> 0
... A90: 23 | B90: TLX5 | C90: SALE | D90: TLX5104002326092026 | E90: 46291.708 | F90: 3 | G90: 8905450220591 | H90: 1 | I90: 699 | J90: -349.5 | K90: 0 | L90: -349.5 | M90: 349.5 | N90: 0 | O90: 0 | P90: NE YOUREKA ETCH ART | Q90: 50157523 | R90: COMPLETED | S90: 50000003 | U90: GnG | V90: 0 | W90: =HOUR(E90) -> 16 | X90: =IF(D90=D89,0,1) -> 0
A91: 54 | B91: TLX5 | C91: SALE | D91: TLX5102005426092026 | E91: 46291.716 | F91: 3 | G91: 8906057366262 | H91: 1 | I91: 1099 | J91: 0 | K91: 0 | L91: 0 | M91: 1099 | N91: 52.34 | O91: 5 | P91: NE MAPOLOGY PHYSICAL | Q91: 50170981 | R91: COMPLETED | U91: GnG | V91: 0 | W91: =HOUR(E91) -> 17 | X91: =IF(D91=D90,0,1) -> 1
A92: 24 | B92: TLX5 | C92: SALE | D92: TLX5104002426092026 | E92: 46291.717 | F92: 3 | G92: 35995307827 | H92: 1 | I92: 179 | J92: 0 | K92: 0 | L92: 0 | M92: 179 | N92: 8.52 | O92: 5 | P92: NE MB BASIC CAR ASST | Q92: 50157523 | R92: COMPLETED | S92: 50151682 | U92: GnG | V92: 0 | W92: =HOUR(E92) -> 17 | X92: =IF(D92=D91,0,1) -> 1
A93: 24 | B93: TLX5 | C93: SALE | D93: TLX5104002426092026 | E93: 46291.717 | F93: 3 | G93: 194735358755 | H93: 1 | I93: 299 | J93: 0 | K93: 0 | L93: 0 | M93: 299 | N93: 14.24 | O93: 5 | P93: NE HW AUTOMOTIVE ASS | Q93: 50157523 | R93: COMPLETED | S93: 50151682 | U93: GnG | V93: 0 | W93: =HOUR(E93) -> 17 | X93: =IF(D93=D92,0,1) -> 0
A94: 55 | B94: TLX5 | C94: SALE | D94: TLX5102005526092026 | E94: 46291.718 | F94: 3 | G94: 5010993306787 | H94: 1 | I94: 3440 | J94: 0 | K94: 0 | L94: 0 | M94: 3440 | N94: 163.8 | O94: 5 | P94: E Hasbro Monopoly Ul | Q94: 50170981 | R94: COMPLETED | S94: 50201915 | U94: GnG | V94: 0 | W94: =HOUR(E94) -> 17 | X94: =IF(D94=D93,0,1) -> 1
A95: 56 | B95: TLX5 | C95: SALE | D95: TLX5102005626092026 | E95: 46291.719 | F95: 3 | G95: 8906133255688 | H95: 1 | I95: 199 | J95: 0 | K95: 0 | L95: 0 | M95: 199 | N95: 9.48 | O95: 5 | P95: NE MVL GO DC SINGLE | Q95: 50170981 | R95: COMPLETED | S95: 50000000 | U95: GnG | V95: 0 | W95: =HOUR(E95) -> 17 | X95: =IF(D95=D94,0,1) -> 1
A96: 57 | B96: TLX5 | C96: SALE | D96: TLX5102005726092026 | E96: 46291.72 | F96: 3 | G96: 8906133255657 | H96: 1 | I96: 199 | J96: 0 | K96: 0 | L96: 0 | M96: 199 | N96: 9.48 | O96: 5 | P96: NE MVL GO DC SINGLE | Q96: 50170981 | R96: COMPLETED | S96: 50195907 | U96: GnG | V96: 0 | W96: =HOUR(E96) -> 17 | X96: =IF(D96=D95,0,1) -> 1
A97: 57 | B97: TLX5 | C97: SALE | D97: TLX5102005726092026 | E97: 46291.72 | F97: 3 | G97: 74299018060 | H97: 1 | I97: 899 | J97: 0 | K97: 0 | L97: 0 | M97: 899 | N97: 42.8 | O97: 5 | P97: HW FIVECAR GIFT PACK | Q97: 50170981 | R97: COMPLETED | S97: 50157523 | U97: GnG | V97: 0 | W97: =HOUR(E97) -> 17 | X97: =IF(D97=D96,0,1) -> 0
A98: 58 | B98: TLX5 | C98: SALE | D98: TLX5102005826092026 | E98: 46291.722 | F98: 3 | G98: 8906006063709 | H98: 1 | I98: 999 | J98: 0 | K98: 0 | L98: 0 | M98: 999 | N98: 47.58 | O98: 5 | P98: NE YOUREKA CRYSTAL M | Q98: 50170981 | R98: COMPLETED | U98: GnG | V98: 0 | W98: =HOUR(E98) -> 17 | X98: =IF(D98=D97,0,1) -> 1
A99: 59 | B99: TLX5 | C99: SALE | D99: TLX5102005926092026 | E99: 46291.723 | F99: 3 | G99: 887961705430 | H99: 1 | I99: 1099 | J99: 0 | K99: 0 | L99: 0 | M99: 1099 | N99: 52.34 | O99: 5 | P99: NE MT DEMOLITION DOU | Q99: 50170981 | R99: COMPLETED | S99: 50195439 | U99: GnG | V99: 0 | W99: =HOUR(E99) -> 17 | X99: =IF(D99=D98,0,1) -> 1
A100: 60 | B100: TLX5 | C100: SALE | D100: TLX5102006026092026 | E100: 46291.724 | F100: 3 | G100: 9789352769117 | H100: 1 | I100: 295 | J100: -236 | K100: 0 | L100: -236 | M100: 59 | N100: 0 | O100: 0 | P100: NE 99 QUESTIONS AND | Q100: 50170981 | R100: COMPLETED | S100: 50000002 | T100: DSELL | U100: GnG | V100: 0 | W100: =HOUR(E100) -> 17 | X100: =IF(D100=D99,0,1) -> 1
A101: 60 | B101: TLX5 | C101: SALE | D101: TLX5102006026092026 | E101: 46291.724 | F101: 3 | G101: 8904279509726 | H101: 1 | I101: 749 | J101: 0 | K101: 0 | L101: 0 | M101: 749 | N101: 35.66 | O101: 5 | P101: NE SIZZLE | Q101: 50170981 | R101: COMPLETED | S101: 50000002 | T101: DSELL | U101: GnG | V101: 0 | W101: =HOUR(E101) -> 17 | X101: =IF(D101=D100,0,1) -> 0
...

Sheet Sheet1
A1: Store | B1: VEGAS
A2: Date- | B2: =TODAY()-1 -> 46290
A3: MONTH TRGT - | B3: =[1]DSR!D54 -> 3029539.7
A4: TARGET- | B4: =VLOOKUP(B2,[1]DSR!C8:D52,2,0) -> 96074.199
A5: SALE- | B5: =IFERROR(VLOOKUP(B2,[1]DSR!C9:E54,3,0),0) -> 96738
A6: FF- | B6: =VLOOKUP(B2,[1]DSR!C8:S52,17,0) -> 265
A7: BILL- | B7: =VLOOKUP(B2,[1]DSR!C8:R52,16,0) -> 48
A8: UNIT- | B8: =IFERROR(VLOOKUP(B2,[1]DSR!C9:Q54,15,0),0) -> 100
A9: UPT- | B9: =VLOOKUP(B2,[1]DSR!C9:AA52,25,0) -> 2.0833333
A10: ATV- | B10: =VLOOKUP(B2,[1]DSR!C9:Z52,24,0) -> 2015.375
A11: AUV- | B11: =VLOOKUP(B2,[1]DSR!C9:Y52,23,0) -> 967.38
A12: CONV%- | B12: =VLOOKUP('[1]MSG '!B2,[1]DSR!C9:AB52,26,0)
A14: MTD TGT- | B14: =VLOOKUP(B2,[1]DSR!C9:K52,9,0) -> 2449892.1
A15: MTD SALE- | B15: =[1]DSR!E54 -> 2404186
A16: MTD SALE%- | B16: =B15/B14 -> 0.98134364
A17: MTD FF- | B17: =[1]DSR!S54 -> 6418
A18: MTD BILL- | B18: =[1]DSR!R54 -> 1021
A19: MTD QTY- | B19: =[1]DSR!Q54 -> 2292
A20: MTD UPT- | B20: =[1]DSR!AA54 -> 2.244858
A21: MTD ATV- | B21: =[1]DSR!Z54 -> 2354.7365
A22: MTD AUV- | B22: =[1]DSR!Y54 -> 1048.9468
A23: MTD CONV%- | B23: =[1]DSR!AB54 -> 0.15908383
A25: ATVD SALE- | B25: =VLOOKUP(B2,[1]DSR!C9:AH52,32,0) -> 0
A26: ATVD QTY- | B26: =VLOOKUP(B2,[1]DSR!C9:U52,19,0) -> 0
A27: ATVD CONTRI%- | B27: =VLOOKUP(B2,[1]DSR!C9:AI52,33,0) -> 0
A28: MTD ATVD CONTRI%- | B28: =[1]DSR!AI54 -> 0.0065564811
A30: HOT SPOT SALE- | B30: =VLOOKUP(B2,[1]DSR!C9:AS52,43,0) -> 1799
A31: HOT SPOT %- | B31: =VLOOKUP(B2,[1]DSR!C9:AT52,44,0) -> 0.018596622
A32: MTD HOTSPOT %- | B32: =[1]DSR!AT54 -> 0.040668234
A34: SELF DEMO SALE- | B34: =VLOOKUP(B2,[1]DSR!C9:AP52,40,0) -> 5309
A35: SELF DEMO %- | B35: =VLOOKUP(B2,[1]DSR!C9:AQ52,41,0) -> 0.054880192
A36: MTD SELF DEMO %- | B36: =[1]DSR!AQ54 -> 0.036314578
A38: CORE- | B38: =VLOOKUP(B2,[1]DSR!C9:AM52,37,0) -> 1860
A39: CORE %- | B39: =VLOOKUP(B2,[1]DSR!C9:AN52,38,0) -> 0.019227191
A40: MTD CORE SALE- | B40: =[1]DSR!AM54 -> 102517
A41: MTD CORE DEMO%- | B41: =[1]DSR!AN54 -> 0.042641044
A43: MII SALE - | B43: =VLOOKUP(B2,[1]DSR!C9:AV52,46,0) -> 8581
A44: MII SALE %- | B44: =VLOOKUP(B2,[1]DSR!C9:AW52,47,0) -> 0.088703508
A45: MTD MII SALE- | B45: =[1]DSR!AV54 -> 219214
A46: MTD MII SALE %- | B46: =[1]DSR!AW54 -> 0.091180133
A48: BATTERY- | B48: =VLOOKUP(B2,[1]DSR!C9:T52,18,0) -> 11
A49: BATTERY ATTACH%- | B49: =VLOOKUP(B2,[1]DSR!C9:AC52,27,0) -> 0.22916667
A50: MTD BATTERY ATTACH%- | B50: =[1]DSR!AC54 -> 0.12340842
A52: BUBBLE STKS- | B52: =VLOOKUP(B2,[1]DSR!C9:X52,22,0) -> 0
A53: BUBBLE STKS ATTACH%- | B53: =VLOOKUP(B2,[1]DSR!C9:AG52,31,0) -> 0
A54: MTD BUBBLE STKS ATTACH%- | B54: =[1]DSR!AG54 -> 0.020568071
A56: MULTI BILL TRGT- | B56: 0.6
A57: MULTI BILL - | B57: =VLOOKUP(B2,[1]DSR!C9:AX52,48,0) -> 31
A58: MULTI BILL %- | B58: =VLOOKUP(B2,[1]DSR!C9:AY52,49,0) -> 0.64583333
A60: LOYALTY- | B60: =VLOOKUP(B2,[1]DSR!C9:V52,20,0) -> 5
A61: LOYALTY %- | B61: =VLOOKUP(B2,[1]DSR!C8:AF52,30,0) -> 0.10416667
A62: MTD LOYALTY- | B62: =[1]DSR!V54 -> 121
A63: MTD LOYALTY%- | B63: =[1]DSR!AF54 -> 0.11851126
A65: RED CARD- | B65: =VLOOKUP(B2,[1]DSR!C9:W52,21,0) -> 0
A66: MTD RED CARD- | B66: =[1]DSR!W54 -> 1
A68: MTD LAST YR SALE- | B68: =VLOOKUP(B2,[1]DSR!C9:M52,11,0) -> 2354330
A69: LY SALE- | B69: =VLOOKUP(B2,[1]DSR!C9:H52,6,0) -> 89900
A70: LFL%- | B70: =VLOOKUP(B2,[1]DSR!C9:O52,13,0) -> 0.021176301
A72: TOMORROW TRGT- | B72: =VLOOKUP(C2,I2:J34,2,0) -> #N/A
A73: NET PLAY TGT- | B73: =VLOOKUP(C2,I1:L33,4,0) -> #N/A
A75: TELECALLING TRGT- | B75: =VLOOKUP(B2,[1]DSR!C9:AZ52,50,0) -> 100
A76: NO OF CALLS- | B76: =VLOOKUP(B2,[1]DSR!C9:BA52,51,0) -> 50
A77: TELECALLING SALE- | B77: =VLOOKUP(B2,[1]DSR!C9:BC52,53,0) -> 0
A78: TELECALLING BILLS- | B78: =VLOOKUP(B2,[1]DSR!C9:BB52,52,0) -> 0
A79: IN STORE SALE- | B79: 0
A80: IN STORE BILL- | B80: 0
A81: HOME DELIVERY SALE- | B81: 0
A82: HOME DELIVERY BILL- | B82: 0
A83: MTD CALL- | B83: =[1]DSR!BA54 -> 1500
A84: MTD BILL- | B84: 0
A85: MTD SALE- | B85: =[1]DSR!BC54 -> 46834
A87: Net Play Target- | B87: =[1]Netplay!Q4 -> 11996.078
A88: Net Play Sale- | B88: =[1]Netplay!R4 -> 0
A89: MTD Net Play Target- | B89: =[1]Netplay!Q5 -> 181800.24
A90: MTD Net Play Sale- | B90: =[1]Netplay!R5 -> 47200
